,PLAYER_ID,ALL_FGA,ALL_ALL_AVG_DISTANCE,ALL_3PT_AVG_DISTANCE,ALL_2PT_AVG_DISTANCE,MADE_FGA,MADE_ALL_AVG_DISTANCE,MADE_3PT_AVG_DISTANCE,MADE_2PT_AVG_DISTANCE,MISS_FGA,MISS_ALL_AVG_DISTANCE,MISS_3PT_AVG_DISTANCE,MISS_2PT_AVG_DISTANCE,PLAYER_NAME,TEAM_ID,TEAM_ABBREVIATION
327,1631260,176,23.948863636363637,25.141104294478527,9.0,86.0,23.313953488372093,24.772151898734176,6.857142857142857,90.0,24.555555555555557,25.488095238095237,11.5,AJ Green,1610612749,MIL
244,1630573,171,23.935672514619885,26.026845637583893,9.772727272727273,59.0,23.135593220338983,25.80392156862745,6.125,112.0,24.357142857142858,26.142857142857142,11.857142857142858,Sam Hauser,1610612738,BOS
11,201587,95,23.4,24.133333333333333,10.2,36.0,23.166666666666668,23.941176470588236,10.0,59.0,23.54237288135593,24.25,10.333333333333334,Nicolas Batum,1610612746,LAC
211,1630241,116,22.474137931034484,25.050505050505052,7.470588235294118,54.0,21.35185185185185,25.25,4.2,62.0,23.451612903225808,24.89090909090909,12.142857142857142,Sam Merrill,1610612739,CLE
74,1626220,225,22.182222222222222,25.934782608695652,5.341463414634147,96.0,21.270833333333332,25.56578947368421,4.95,129.0,22.86046511627907,26.194444444444443,5.714285714285714,Royce O'Neale,1610612756,PHX
150,1629216,60,21.916666666666668,25.19148936170213,10.076923076923077,21.0,21.523809523809526,24.764705882352942,7.75,39.0,22.128205128205128,25.433333333333334,11.11111111111111,Gabe Vincent,1610612747,LAL
90,1628366,127,21.74015748031496,25.365384615384617,5.3478260869565215,37.0,19.35135135135135,25.25925925925926,3.4,90.0,22.72222222222222,25.4025974025974,6.846153846153846,Lonzo Ball,1610612739,CLE
291,1631119,124,21.532258064516128,24.754901960784313,6.590909090909091,44.0,18.704545454545453,25.1,5.0,80.0,23.0875,24.61111111111111,9.375,Jaylin Williams,1610612760,OKC
21,202691,252,21.404761904761905,24.63783783783784,12.477611940298507,93.0,20.989247311827956,24.651515151515152,12.037037037037036,159.0,21.647798742138363,24.630252100840337,12.775,Klay Thompson,1610612742,DAL
202,1630198,147,21.27891156462585,24.726495726495727,7.833333333333333,67.0,19.55223880597015,24.551020408163264,5.944444444444445,80.0,22.725,24.852941176470587,10.666666666666666,Isaiah Joe,1610612760,OKC
213,1630249,163,20.773006134969325,25.11627906976744,4.294117647058823,83.0,19.373493975903614,25.316666666666666,3.869565217391304,80.0,22.225,24.942028985507246,5.181818181818182,Vít Krejčí,1610612737,ATL
148,1629130,216,20.76388888888889,24.930635838150287,4.0,95.0,19.28421052631579,24.84285714285714,3.72,121.0,21.925619834710744,24.990291262135923,4.388888888888889,Duncan Robinson,1610612765,DET
10,201572,100,20.7,26.58823529411765,8.1875,39.0,19.256410256410255,26.75,7.266666666666667,61.0,21.62295081967213,26.5,9.0,Brook Lopez,1610612746,LAC
137,1629018,232,20.314655172413794,24.895061728395063,9.714285714285714,94.0,19.319148936170212,24.557377049180328,9.636363636363637,138.0,20.992753623188406,25.099009900990097,9.783783783783784,Gary Trent Jr.,1610612749,MIL
302,1631165,110,20.28181818181818,24.753086419753085,7.793103448275862,44.0,18.204545454545453,24.766666666666666,4.142857142857143,66.0,21.666666666666668,24.745098039215687,11.2,Keon Ellis,1610612758,SAC
122,1628978,277,20.15162454873646,25.14903846153846,5.086956521739131,115.0,18.730434782608697,25.126582278481013,4.694444444444445,162.0,21.160493827160494,25.162790697674417,5.515151515151516,Donte DiVincenzo,1610612750,MIN
4,201143,78,20.025641025641026,24.859649122807017,6.904761904761905,25.0,18.0,23.823529411764707,5.625,53.0,20.9811320754717,25.3,7.6923076923076925,Al Horford,1610612744,GSW
413,1642285,185,19.924324324324324,25.275,10.046153846153846,93.0,19.9247311827957,25.23728813559322,10.705882352941176,92.0,19.92391304347826,25.311475409836067,9.32258064516129,Cam Spencer,1610612763,MEM
317,1631221,273,19.846153846153847,25.75287356321839,9.464646464646465,119.0,19.07563025210084,25.283783783783782,8.866666666666667,154.0,20.441558441558442,26.1,9.962962962962964,Collin Gillespie,1610612756,PHX
120,1628975,76,19.842105263157894,24.42105263157895,6.105263157894737,31.0,20.161290322580644,24.333333333333332,5.857142857142857,45.0,19.622222222222224,24.484848484848484,6.25,Jevon Carter,1610612741,CHI
271,1630811,96,19.760416666666668,25.524590163934427,9.714285714285714,38.0,20.13157894736842,25.96,8.923076923076923,58.0,19.517241379310345,25.22222222222222,10.181818181818182,Keaton Wallace,1610612737,ATL
227,1630540,181,19.723756906077348,24.629032258064516,9.052631578947368,79.0,19.39240506329114,24.8,7.0,102.0,19.980392156862745,24.492753623188406,10.545454545454545,Miles McBride,1610612752,NYK
346,1641722,120,19.691666666666666,24.869565217391305,12.686274509803921,41.0,19.536585365853657,24.608695652173914,13.055555555555555,79.0,19.772151898734176,25.0,12.484848484848484,Jordan Hawkins,1610612740,NOP
8,201567,73,19.54794520547945,25.22641509433962,4.5,32.0,16.84375,25.0,4.923076923076923,41.0,21.658536585365855,25.352941176470587,3.7142857142857144,Kevin Love,1610612762,UTA
124,1628988,110,19.436363636363637,25.27027027027027,7.444444444444445,50.0,18.5,25.484848484848484,4.9411764705882355,60.0,20.216666666666665,25.097560975609756,9.68421052631579,Aaron Holiday,1610612745,HOU
204,1630202,350,19.34285714285714,26.45049504950495,9.641891891891891,155.0,16.45806451612903,26.235294117647058,8.816091954022989,195.0,21.635897435897437,26.559701492537314,10.819672131147541,Payton Pritchard,1610612738,BOS
39,203501,215,19.288372093023256,24.978571428571428,8.666666666666666,99.0,18.535353535353536,25.155172413793103,9.170731707317072,116.0,19.93103448275862,24.853658536585368,8.058823529411764,Tim Hardaway Jr.,1610612743,DEN
456,1642856,178,19.241573033707866,25.436974789915965,6.745762711864407,69.0,17.18840579710145,25.5,4.2592592592592595,109.0,20.541284403669724,25.4025974025974,8.84375,Egor Dëmin,1610612751,BKN
169,1629652,125,19.12,24.853932584269664,4.944444444444445,47.0,16.361702127659573,25.0,3.6315789473684212,78.0,20.78205128205128,24.78688524590164,6.411764705882353,Luguentz Dort,1610612760,OKC
57,203992,86,19.11627906976744,25.72222222222222,7.96875,34.0,17.264705882352942,25.157894736842106,7.266666666666667,52.0,20.326923076923077,26.02857142857143,8.588235294117647,Bogdan Bogdanović,1610612746,LAC
14,201939,364,19.09065934065934,26.47787610619469,6.992753623188406,176.0,16.65909090909091,26.35483870967742,5.795180722891566,188.0,21.367021276595743,26.56390977443609,8.8,Stephen Curry,1610612744,GSW
472,1642878,93,19.086021505376344,25.19672131147541,7.4375,32.0,17.65625,25.31578947368421,6.461538461538462,61.0,19.83606557377049,25.142857142857142,8.105263157894736,Tyrese Proctor,1610612739,CLE
330,1631323,188,19.04787234042553,24.711111111111112,4.622641509433962,77.0,17.428571428571427,24.62,4.111111111111111,111.0,20.17117117117117,24.764705882352942,5.153846153846154,Simone Fontecchio,1610612748,MIA
394,1642263,223,19.03587443946188,26.00793650793651,9.97938144329897,106.0,17.839622641509433,25.821428571428573,8.9,117.0,20.11965811965812,26.15714285714286,11.127659574468085,Reed Sheppard,1610612745,HOU
246,1630577,206,19.024271844660195,24.598684210526315,3.3333333333333335,88.0,16.363636363636363,24.333333333333332,1.7096774193548387,118.0,21.008474576271187,24.757894736842104,5.521739130434782,Julian Champagnie,1610612759,SAS
105,1628401,368,18.91576086956522,25.85388127853881,8.718120805369127,143.0,17.202797202797203,25.986301369863014,8.042857142857143,225.0,20.004444444444445,25.78767123287671,9.316455696202532,Derrick White,1610612738,BOS
136,1629014,268,18.884328358208954,25.790849673202615,9.695652173913043,116.0,17.155172413793103,25.533333333333335,8.178571428571429,152.0,20.20394736842105,25.956989247311828,11.135593220338983,Anfernee Simons,1610612738,BOS
135,1629013,93,18.870967741935484,24.106060606060606,6.074074074074074,42.0,18.142857142857142,24.142857142857142,6.142857142857143,51.0,19.470588235294116,24.07894736842105,6.0,Landry Shamet,1610612752,NYK
5,201144,102,18.852941176470587,24.507042253521128,5.903225806451613,37.0,18.675675675675677,24.346153846153847,5.2727272727272725,65.0,18.953846153846154,24.6,6.25,Mike Conley,1610612750,MIN
1,101108,56,18.785714285714285,25.5,11.038461538461538,18.0,18.0,25.4,8.75,38.0,19.157894736842106,25.55,12.055555555555555,Chris Paul,1610612746,LAC
179,1629731,121,18.776859504132233,24.235955056179776,3.59375,46.0,15.630434782608695,24.074074074074073,3.6315789473684212,75.0,20.706666666666667,24.306451612903224,3.5384615384615383,Dean Wade,1610612739,CLE
228,1630541,226,18.72566371681416,24.73856209150327,6.123287671232877,94.0,16.872340425531913,24.593220338983052,3.857142857142857,132.0,20.045454545454547,24.829787234042552,8.210526315789474,Moses Moody,1610612744,GSW
264,1630643,170,18.711764705882352,25.899159663865547,1.9411764705882353,73.0,14.712328767123287,26.205128205128204,1.5294117647058822,97.0,21.721649484536083,25.75,2.764705882352941,Jay Huff,1610612754,IND
223,1630533,167,18.64071856287425,24.520661157024794,3.1739130434782608,67.0,14.671641791044776,24.72972972972973,2.2666666666666666,100.0,21.3,24.428571428571427,4.875,Ziaire Williams,1610612751,BKN
114,1628960,232,18.612068965517242,26.155405405405407,5.321428571428571,100.0,16.85,25.948275862068964,4.285714285714286,132.0,19.946969696969695,26.288888888888888,6.357142857142857,Grayson Allen,1610612756,PHX
187,1630170,318,18.59433962264151,24.902298850574713,10.972222222222221,137.0,17.956204379562045,24.753623188405797,11.058823529411764,181.0,19.07734806629834,25.0,10.894736842105264,Devin Vassell,1610612759,SAS
354,1641733,56,18.571428571428573,26.06896551724138,10.518518518518519,26.0,18.26923076923077,26.071428571428573,9.166666666666666,30.0,18.833333333333332,26.066666666666666,11.6,Nick Smith Jr.,1610612747,LAL
350,1641729,165,18.563636363636363,24.990291262135923,7.887096774193548,68.0,16.63235294117647,24.805555555555557,7.4375,97.0,19.917525773195877,25.08955223880597,8.366666666666667,Brice Sensabaugh,1610612762,UTA
417,1642348,118,18.559322033898304,25.342105263157894,6.285714285714286,44.0,16.863636363636363,25.36,5.684210526315789,74.0,19.56756756756757,25.333333333333332,6.782608695652174,Justin Edwards,1610612755,PHI
387,1641871,52,18.557692307692307,24.5,2.4285714285714284,27.0,17.74074074074074,24.42105263157895,1.875,25.0,19.44,24.57894736842105,3.1666666666666665,Duop Reath,1610612757,POR
130,1629004,171,18.450292397660817,24.483050847457626,5.018867924528302,81.0,15.62962962962963,24.363636363636363,5.243243243243243,90.0,20.988888888888887,24.554054054054053,4.5,Svi Mykhailiuk,1610612762,UTA
49,203935,126,18.42063492063492,24.975609756097562,6.204545454545454,53.0,14.622641509433961,25.04,5.321428571428571,73.0,21.17808219178082,24.94736842105263,7.75,Marcus Smart,1610612747,LAL
253,1630592,82,18.414634146341463,24.90909090909091,5.185185185185185,30.0,17.633333333333333,24.736842105263158,5.363636363636363,52.0,18.865384615384617,25.0,5.0625,Jalen Wilson,1610612751,BKN
68,1626167,250,18.396,25.558441558441558,6.90625,108.0,16.333333333333332,25.310344827586206,5.92,142.0,19.964788732394368,25.708333333333332,7.978260869565218,Myles Turner,1610612749,MIL
398,1642267,180,18.38888888888889,25.515463917525775,10.060240963855422,66.0,19.939393939393938,25.8,10.923076923076923,114.0,17.49122807017544,25.31578947368421,9.666666666666666,Bub Carrington,1610612764,WAS
428,1642366,177,18.316384180790962,24.811965811965813,5.65,78.0,15.41025641025641,24.904761904761905,4.333333333333333,99.0,20.606060606060606,24.76,7.625,Quinten Post,1610612744,GSW
460,1642862,66,18.28787878787879,24.977272727272727,4.909090909090909,26.0,18.153846153846153,24.38888888888889,4.125,40.0,18.375,25.384615384615383,5.357142857142857,Liam McNeeley,1610612766,CHA
270,1630702,95,18.231578947368423,24.333333333333332,7.771428571428571,38.0,18.657894736842106,24.2,8.0,57.0,17.94736842105263,24.428571428571427,7.636363636363637,Jaden Hardy,1610612742,DAL
77,1627741,194,18.175257731958762,25.362204724409448,4.552238805970149,80.0,14.3875,25.025,3.75,114.0,20.833333333333332,25.517241379310345,5.7407407407407405,Buddy Hield,1610612744,GSW
347,1641724,76,18.07894736842105,24.96,4.846153846153846,34.0,16.08823529411765,24.842105263157894,5.0,42.0,19.69047619047619,25.032258064516128,4.636363636363637,Jett Howard,1610612753,ORL
351,1641730,240,18.05,24.808641975308642,4.012820512820513,100.0,15.64,24.448275862068964,3.4761904761904763,140.0,19.771428571428572,25.009615384615383,4.638888888888889,Noah Clowney,1610612751,BKN
96,1628379,125,17.808,24.558441558441558,6.979166666666667,59.0,17.271186440677965,24.454545454545453,8.153846153846153,66.0,18.28787878787879,24.636363636363637,5.590909090909091,Luke Kennard,1610612737,ATL
63,1626145,70,17.785714285714285,24.930232558139537,6.407407407407407,24.0,15.75,25.166666666666668,6.333333333333333,46.0,18.847826086956523,24.838709677419356,6.466666666666667,Tyus Jones,1610612753,ORL
236,1630557,103,17.737864077669904,25.62686567164179,3.0555555555555554,52.0,14.576923076923077,25.59259259259259,2.68,51.0,20.96078431372549,25.65,3.909090909090909,Corey Kispert,1610612764,WAS
296,1631126,159,17.60377358490566,25.694736842105264,5.59375,54.0,14.092592592592593,26.08,3.7586206896551726,105.0,19.409523809523808,25.557142857142857,7.114285714285714,Caleb Love,1610612757,POR
86,1627824,65,17.56923076923077,24.136363636363637,3.8095238095238093,26.0,13.576923076923077,24.153846153846153,3.0,39.0,20.23076923076923,24.129032258064516,5.125,Guerschon Yabusele,1610612752,NYK
262,1630631,190,17.568421052631578,24.941666666666666,4.928571428571429,83.0,15.373493975903614,24.77777777777778,4.2368421052631575,107.0,19.27102803738318,25.04,5.75,Jose Alvarado,1610612740,NOP
449,1642848,159,17.553459119496857,25.566265060240966,8.802631578947368,70.0,16.37142857142857,25.333333333333332,8.378378378378379,89.0,18.48314606741573,25.72,9.205128205128204,Tre Johnson,1610612764,WAS
451,1642851,369,17.48238482384824,25.245454545454546,6.02013422818792,174.0,15.408045977011493,24.910112359550563,5.458823529411765,195.0,19.333333333333332,25.47328244274809,6.765625,Kon Knueppel,1610612766,CHA
392,1642261,102,17.42156862745098,25.25862068965517,7.090909090909091,48.0,14.541666666666666,25.047619047619047,6.37037037037037,54.0,19.98148148148148,25.37837837837838,8.235294117647058,Dalton Knecht,1610612747,LAL
143,1629029,439,17.355353075170843,26.416666666666668,9.48936170212766,202.0,14.009900990099009,26.40909090909091,7.992647058823529,237.0,20.206751054852322,26.420289855072465,11.545454545454545,Luka Dončić,1610612747,LAL
18,202331,129,17.294573643410853,25.3,10.333333333333334,57.0,16.842105263157894,25.0,10.0,72.0,17.65277777777778,25.529411764705884,10.605263157894736,Paul George,1610612755,PHI
397,1642266,105,17.285714285714285,24.63235294117647,3.7837837837837838,44.0,15.772727272727273,24.14814814814815,2.4705882352941178,61.0,18.37704918032787,24.951219512195124,4.9,Ja'Kobe Walter,1610612761,TOR
357,1641739,277,17.263537906137184,24.70718232044199,3.2291666666666665,115.0,14.165217391304347,24.934426229508198,2.0,162.0,19.462962962962962,24.591666666666665,4.809523809523809,Toumani Camara,1610612757,POR
173,1629673,133,17.210526315789473,26.050632911392405,4.277777777777778,49.0,15.020408163265307,25.76,3.8333333333333335,84.0,18.488095238095237,26.185185185185187,4.633333333333334,Jordan Poole,1610612740,NOP
284,1631108,220,17.195454545454545,24.14788732394366,4.538461538461538,106.0,16.21698113207547,23.984848484848484,3.4,114.0,18.105263157894736,24.289473684210527,5.7368421052631575,Max Christie,1610612742,DAL
191,1630174,147,17.14965986394558,24.91566265060241,7.078125,54.0,16.314814814814813,24.741935483870968,4.956521739130435,93.0,17.634408602150536,25.01923076923077,8.268292682926829,Aaron Nesmith,1610612754,IND
13,201935,420,17.123809523809523,26.12121212121212,6.126984126984127,185.0,15.005405405405405,26.094117647058823,5.58,235.0,18.791489361702126,26.136986301369863,6.741573033707865,James Harden,1610612746,LAC
487,1642948,84,17.107142857142858,25.516129032258064,12.18867924528302,45.0,16.733333333333334,25.733333333333334,12.233333333333333,39.0,17.53846153846154,25.3125,12.130434782608695,Ryan Nembhard,1610612742,DAL
443,1642484,72,17.041666666666668,25.763157894736842,7.294117647058823,22.0,17.227272727272727,26.833333333333332,5.7,50.0,16.96,25.26923076923077,7.958333333333333,RayJ Dennis,1610612754,IND
35,203484,167,17.035928143712574,24.697674418604652,8.901234567901234,63.0,15.444444444444445,24.724137931034484,7.529411764705882,104.0,18.0,24.68421052631579,9.893617021276595,Kentavious Caldwell-Pope,1610612763,MEM
313,1631213,187,16.989304812834224,25.69724770642202,4.82051282051282,75.0,14.426666666666666,26.02777777777778,3.717948717948718,112.0,18.705357142857142,25.534246575342465,5.923076923076923,Tyrese Martin,1610612751,BKN
200,1630193,321,16.97507788161994,25.76969696969697,7.673076923076923,151.0,14.947019867549669,26.047619047619047,7.0,170.0,18.776470588235295,25.598039215686274,8.544117647058824,Immanuel Quickley,1610612761,TOR
356,1641738,51,16.941176470588236,24.575757575757574,2.9444444444444446,21.0,11.904761904761905,24.666666666666668,2.3333333333333335,30.0,20.466666666666665,24.541666666666668,4.166666666666667,Kobe Brown,1610612746,LAC
30,203110,160,16.9,24.783505154639176,4.761904761904762,63.0,14.841269841269842,24.818181818181817,3.8666666666666667,97.0,18.237113402061855,24.765625,5.575757575757576,Draymond Green,1610612744,GSW
306,1631172,61,16.885245901639344,25.125,7.793103448275862,27.0,17.40740740740741,25.5,8.692307692307692,34.0,16.470588235294116,24.833333333333332,7.0625,Ousmane Dieng,1610612760,OKC
64,1626156,206,16.825242718446603,25.405940594059405,8.571428571428571,83.0,14.25301204819277,25.689655172413794,8.11111111111111,123.0,18.5609756097561,25.291666666666668,9.058823529411764,D'Angelo Russell,1610612742,DAL
370,1641767,147,16.816326530612244,25.045454545454547,4.5423728813559325,52.0,13.596153846153847,25.208333333333332,3.642857142857143,95.0,18.57894736842105,24.984375,5.354838709677419,Ben Sheppard,1610612754,IND
403,1642272,116,16.78448275862069,25.516129032258064,6.7592592592592595,42.0,15.119047619047619,25.238095238095237,5.0,74.0,17.72972972972973,25.658536585365855,7.878787878787879,Jared McCain,1610612755,PHI
431,1642377,239,16.740585774058577,24.282258064516128,8.608695652173912,106.0,14.81132075471698,24.152173913043477,7.65,133.0,18.278195488721803,24.358974358974358,9.654545454545454,Jaylen Wells,1610612763,MEM
159,1629631,280,16.682142857142857,24.862068965517242,7.896296296296296,120.0,13.733333333333333,24.75,7.355263157894737,160.0,18.89375,24.91089108910891,8.59322033898305,De'Andre Hunter,1610612739,CLE
32,203468,368,16.67391304347826,25.727272727272727,8.375,163.0,15.337423312883436,25.591549295774648,7.423913043478261,205.0,17.73658536585366,25.81904761904762,9.25,CJ McCollum,1610612764,WAS
252,1630591,240,16.666666666666668,25.4453125,6.633928571428571,113.0,12.831858407079647,24.88095238095238,5.704225352112676,127.0,20.078740157480315,25.72093023255814,8.24390243902439,Jalen Suggs,1610612753,ORL
230,1630544,174,16.649425287356323,25.853932584269664,7.011764705882353,63.0,14.634920634920634,25.85185185185185,6.222222222222222,111.0,17.792792792792792,25.85483870967742,7.591836734693878,Tre Mann,1610612766,CHA
368,1641764,258,16.647286821705425,25.3671875,8.061538461538461,114.0,15.131578947368421,25.25,6.645161290322581,144.0,17.84722222222222,25.44736842105263,9.352941176470589,Brandin Podziemski,1610612744,GSW
322,1631246,153,16.594771241830067,24.811764705882354,6.323529411764706,52.0,14.134615384615385,24.695652173913043,5.758620689655173,101.0,17.861386138613863,24.85483870967742,6.743589743589744,Vince Williams Jr.,1610612763,MEM
29,203084,241,16.589211618257263,24.1875,5.309278350515464,115.0,14.417391304347825,24.033898305084747,4.285714285714286,126.0,18.571428571428573,24.294117647058822,6.7073170731707314,Harrison Barnes,1610612759,SAS
433,1642383,106,16.49056603773585,25.581818181818182,6.686274509803922,45.0,14.0,25.88235294117647,6.785714285714286,61.0,18.327868852459016,25.44736842105263,6.565217391304348,Walter Clayton Jr.,1610612762,UTA
334,1641706,165,16.454545454545453,25.62962962962963,7.607142857142857,60.0,14.0,25.64,5.685714285714286,105.0,17.857142857142858,25.625,8.979591836734693,Brandon Miller,1610612766,CHA
258,1630611,55,16.454545454545453,25.424242424242426,3.0,22.0,11.318181818181818,24.11111111111111,2.4615384615384617,33.0,19.87878787878788,25.916666666666668,3.7777777777777777,Gui Santos,1610612744,GSW
89,1627936,87,16.448275862068964,24.32075471698113,4.176470588235294,36.0,14.527777777777779,24.42105263157895,3.4705882352941178,51.0,17.80392156862745,24.264705882352942,4.882352941176471,Alex Caruso,1610612760,OKC
95,1628378,541,16.36598890942699,25.70566037735849,7.398550724637682,267.0,13.782771535580524,25.524752475247524,6.63855421686747,274.0,18.883211678832115,25.817073170731707,8.545454545454545,Donovan Mitchell,1610612739,CLE
182,1630163,277,16.342960288808666,26.37956204379562,6.521428571428571,107.0,13.19626168224299,25.923076923076923,5.897058823529412,170.0,18.323529411764707,26.56122448979592,7.111111111111111,LaMelo Ball,1610612766,CHA
282,1631106,95,16.28421052631579,24.346153846153847,6.534883720930233,47.0,14.97872340425532,24.076923076923077,3.7142857142857144,48.0,17.5625,24.615384615384617,9.227272727272727,Tari Eason,1610612745,HOU
43,203897,339,16.265486725663717,25.546583850931675,7.870786516853933,165.0,13.436363636363636,25.096774193548388,6.41747572815534,174.0,18.948275862068964,25.828282828282827,9.866666666666667,Zach LaVine,1610612758,SAC
161,1629636,152,16.25657894736842,25.985915492957748,7.728395061728395,55.0,14.345454545454546,26.6,7.3428571428571425,97.0,17.34020618556701,25.745098039215687,8.021739130434783,Darius Garland,1610612739,CLE
132,1629008,386,16.246113989637305,24.925531914893618,8.005050505050505,192.0,13.385416666666666,24.76,6.094017094017094,194.0,19.077319587628867,25.035398230088497,10.765432098765432,Michael Porter Jr.,1610612751,BKN
481,1642920,87,16.24137931034483,24.26086956521739,7.2439024390243905,36.0,13.666666666666666,24.0,5.4,51.0,18.058823529411764,24.4,9.0,Kobe Sanders,1610612746,LAC
107,1628415,352,16.238636363636363,25.506849315068493,9.669902912621358,158.0,14.050632911392405,25.93617021276596,9.018018018018019,194.0,18.02061855670103,25.303030303030305,10.43157894736842,Dillon Brooks,1610612756,PHX
339,1641711,134,16.23134328358209,24.52054794520548,6.311475409836065,54.0,13.018518518518519,23.82608695652174,5.0,80.0,18.4,24.84,7.666666666666667,Gradey Dick,1610612761,TOR
189,1630172,160,16.225,25.238636363636363,5.208333333333333,62.0,16.822580645161292,24.83783783783784,4.96,98.0,15.846938775510203,25.529411764705884,5.340425531914893,Patrick Williams,1610612741,CHI
226,1630538,60,16.216666666666665,24.88888888888889,3.2083333333333335,32.0,13.09375,25.071428571428573,3.7777777777777777,28.0,19.785714285714285,24.772727272727273,1.5,Bones Hyland,1610612750,MIN
490,1642954,122,16.19672131147541,24.52054794520548,3.795918367346939,65.0,12.430769230769231,24.275862068965516,2.888888888888889,57.0,20.49122807017544,24.681818181818183,6.3076923076923075,Will Richard,1610612744,GSW
404,1642273,251,16.183266932270918,25.691056910569106,7.046875,116.0,14.801724137931034,25.48148148148148,5.5,135.0,17.37037037037037,25.855072463768117,8.5,Kyshawn George,1610612764,WAS
171,1629656,282,16.173758865248228,25.352564102564102,4.809523809523809,124.0,13.209677419354838,25.42105263157895,2.8208955223880596,158.0,18.5,25.31313131313131,7.067796610169491,Quentin Grimes,1610612755,PHI
474,1642883,137,16.153284671532848,24.453488372093023,2.156862745098039,57.0,15.140350877192983,24.696969696969695,2.0,80.0,16.875,24.30188679245283,2.2962962962962963,Sion James,1610612766,CHA
406,1642275,52,16.01923076923077,25.29032258064516,2.3333333333333335,27.0,14.518518518518519,24.933333333333334,1.5,25.0,17.64,25.625,3.4444444444444446,Tidjane Salaün,1610612766,CHA
16,201950,166,15.987951807228916,25.105882352941176,6.419753086419753,74.0,13.635135135135135,24.967741935483872,5.465116279069767,92.0,17.880434782608695,25.185185185185187,7.5,Jrue Holiday,1610612757,POR
447,1642846,218,15.94954128440367,24.343434343434343,8.966386554621849,96.0,13.197916666666666,24.142857142857142,6.918032786885246,122.0,18.114754098360656,24.453125,11.120689655172415,Ace Bailey,1610612762,UTA
343,1641716,235,15.940425531914894,25.239669421487605,6.0701754385964914,82.0,14.658536585365853,25.289473684210527,5.4772727272727275,153.0,16.627450980392158,25.216867469879517,6.442857142857143,Jarace Walker,1610612754,IND
175,1629675,295,15.935593220338983,24.51875,5.762962962962963,136.0,13.654411764705882,24.174603174603174,4.575342465753424,159.0,17.88679245283019,24.742268041237114,7.161290322580645,Naz Reid,1610612750,MIN
92,1628370,246,15.910569105691057,25.794392523364486,8.302158273381295,107.0,15.05607476635514,25.886363636363637,7.492063492063492,139.0,16.568345323741006,25.73015873015873,8.973684210526315,Malik Monk,1610612758,SAC
79,1627747,131,15.82442748091603,25.484375,6.597014925373134,61.0,13.557377049180328,24.88888888888889,4.5588235294117645,70.0,17.8,25.91891891891892,8.696969696969697,Caris LeVert,1610612765,DET
416,1642347,142,15.774647887323944,25.532467532467532,4.2153846153846155,52.0,14.346153846153847,25.73076923076923,2.9615384615384617,90.0,16.6,25.431372549019606,5.051282051282051,Jamal Shead,1610612761,TOR
172,1629661,201,15.671641791044776,24.673076923076923,6.020618556701031,91.0,13.087912087912088,24.525,4.117647058823529,110.0,17.80909090909091,24.765625,8.130434782608695,Cameron Johnson,1610612743,DEN
256,1630598,151,15.596026490066226,24.773809523809526,4.08955223880597,70.0,14.414285714285715,25.0,3.8285714285714287,81.0,16.617283950617285,24.612244897959183,4.375,Aaron Wiggins,1610612760,OKC
69,1626171,264,15.553030303030303,25.02912621359223,9.490683229813664,129.0,14.736434108527131,24.877551020408163,8.525,135.0,16.333333333333332,25.166666666666668,10.444444444444445,Bobby Portis,1610612749,MIL
329,1631321,100,15.55,24.25862068965517,3.5238095238095237,43.0,12.767441860465116,23.9,3.0869565217391304,57.0,17.649122807017545,24.44736842105263,4.052631578947368,Sidy Cissoko,1610612757,POR
375,1641783,214,15.462616822429906,24.330434782608695,5.161616161616162,94.0,12.872340425531915,24.11904761904762,3.7884615384615383,120.0,17.491666666666667,24.45205479452055,6.680851063829787,Tristan da Silva,1610612753,ORL
238,1630559,354,15.44632768361582,26.175,6.597938144329897,178.0,12.269662921348315,26.10169491525424,5.411764705882353,176.0,18.65909090909091,26.217821782178216,8.48,Austin Reaves,1610612747,LAL
154,1629614,245,15.416326530612245,26.6,8.92258064516129,103.0,12.893203883495145,26.741935483870968,6.930555555555555,142.0,17.246478873239436,26.52542372881356,10.650602409638553,Andrew Nembhard,1610612754,IND
146,1629060,231,15.406926406926408,24.33,8.595419847328245,123.0,14.170731707317072,24.26086956521739,8.142857142857142,108.0,16.814814814814813,24.38888888888889,9.24074074074074,Rui Hachimura,1610612747,LAL
277,1631099,149,15.375838926174497,25.852459016393443,8.113636363636363,64.0,11.328125,26.125,6.395833333333333,85.0,18.423529411764704,25.755555555555556,10.175,Keegan Murray,1610612758,SAC
276,1631097,204,15.357843137254902,25.68421052631579,6.3577981651376145,91.0,14.483516483516484,25.487179487179485,6.230769230769231,113.0,16.061946902654867,25.821428571428573,6.473684210526316,Bennedict Mathurin,1610612754,IND
80,1627750,408,15.35049019607843,25.286585365853657,8.672131147540984,204.0,14.446078431372548,25.25,8.553030303030303,204.0,16.254901960784313,25.315217391304348,8.8125,Jamal Murray,1610612743,DEN
473,1642879,62,15.306451612903226,24.87878787878788,4.413793103448276,22.0,12.590909090909092,25.555555555555557,3.6153846153846154,40.0,16.8,24.625,5.0625,Ben Saraf,1610612751,BKN
492,1642962,82,15.304878048780488,24.594594594594593,7.666666666666667,40.0,12.65,24.5,6.269230769230769,42.0,17.833333333333332,24.652173913043477,9.578947368421053,Drake Powell,1610612751,BKN
221,1630530,380,15.25,26.225806451612904,4.72680412371134,186.0,11.978494623655914,26.402985074626866,3.857142857142857,194.0,18.38659793814433,26.126050420168067,6.1066666666666665,Trey Murphy III,1610612740,NOP
304,1631169,123,15.24390243902439,24.823529411764707,3.4,63.0,13.301587301587302,24.967741935483872,2.0,60.0,17.283333333333335,24.7027027027027,5.3478260869565215,Josh Minott,1610612738,BOS
344,1641717,182,15.219780219780219,24.274509803921568,3.675,81.0,12.703703703703704,24.026315789473685,2.697674418604651,101.0,17.237623762376238,24.421875,4.8108108108108105,Cason Wallace,1610612760,OKC
33,203471,218,15.178899082568808,25.174418604651162,8.666666666666666,87.0,14.298850574712644,25.066666666666666,8.631578947368421,131.0,15.763358778625955,25.232142857142858,8.693333333333333,Dennis Schröder,1610612758,SAC
274,1631095,253,15.142292490118576,24.491525423728813,6.970370370370371,115.0,12.295652173913043,24.214285714285715,5.438356164383562,138.0,17.514492753623188,24.644736842105264,8.774193548387096,Jabari Smith Jr.,1610612745,HOU
60,204001,167,15.10179640718563,25.78787878787879,8.118811881188119,83.0,12.795180722891565,25.166666666666668,7.762711864406779,84.0,17.38095238095238,26.142857142857142,8.619047619047619,Kristaps Porziņģis,1610612737,ATL
22,202695,280,15.060714285714285,25.08695652173913,10.154255319148936,136.0,13.367647058823529,25.285714285714285,9.237623762376238,144.0,16.65972222222222,24.964912280701753,11.218390804597702,Kawhi Leonard,1610612746,LAC
239,1630560,132,15.037878787878787,25.333333333333332,9.71264367816092,53.0,13.867924528301886,25.1875,8.972972972972974,79.0,15.822784810126583,25.413793103448278,10.26,Cam Thomas,1610612751,BKN
67,1626164,409,15.004889975550123,26.140625,9.932384341637011,186.0,12.46236559139785,26.256410256410255,8.802721088435375,223.0,17.12556053811659,26.089887640449437,11.171641791044776,Devin Booker,1610612756,PHX
345,1641718,387,14.994832041343669,24.864516129032257,8.400862068965518,172.0,12.976744186046512,24.92452830188679,7.65546218487395,215.0,16.609302325581396,24.833333333333332,9.185840707964601,Keyonte George,1610612762,UTA
465,1642868,51,14.96078431372549,24.392857142857142,3.4782608695652173,17.0,11.764705882352942,24.375,0.5555555555555556,34.0,16.558823529411764,24.4,5.357142857142857,Carter Bryant,1610612759,SAS
283,1631107,118,14.932203389830509,25.133333333333333,4.379310344827586,46.0,11.478260869565217,25.294117647058822,3.3793103448275863,72.0,17.13888888888889,25.069767441860463,5.379310344827586,Nikola Jović,1610612748,MIA
181,1630162,386,14.927461139896373,25.36024844720497,7.4622222222222225,193.0,12.637305699481866,25.597014925373134,5.746031746031746,193.0,17.21761658031088,25.19148936170213,9.646464646464647,Anthony Edwards,1610612750,MIN
468,1642874,74,14.891891891891891,25.45945945945946,4.324324324324325,32.0,13.78125,25.666666666666668,3.2941176470588234,42.0,15.738095238095237,25.318181818181817,5.2,Danny Wolf,1610612751,BKN
409,1642278,67,14.835820895522389,25.612903225806452,5.555555555555555,31.0,11.225806451612904,25.666666666666668,5.318181818181818,36.0,17.944444444444443,25.59090909090909,5.928571428571429,Tyler Kolek,1610612752,NYK
163,1629638,380,14.83157894736842,24.66304347826087,5.6020408163265305,172.0,12.744186046511627,24.291666666666668,4.43,208.0,16.557692307692307,24.901785714285715,6.822916666666667,Nickeil Alexander-Walker,1610612737,ATL
426,1642363,90,14.8,25.075,6.58,34.0,10.617647058823529,24.636363636363637,3.9130434782608696,56.0,17.339285714285715,25.24137931034483,8.851851851851851,Nique Clifford,1610612758,SAC
160,1629632,142,14.767605633802816,26.01492537313433,4.72,61.0,10.262295081967213,25.444444444444443,3.9069767441860463,81.0,18.160493827160494,26.224489795918366,5.8125,Coby White,1610612741,CHI
272,1631093,59,14.745762711864407,25.807692307692307,6.03030303030303,27.0,13.925925925925926,25.6,7.0588235294117645,32.0,15.4375,25.9375,4.9375,Jaden Ivey,1610612765,DET
180,1629750,131,14.740458015267176,24.82089552238806,4.1875,56.0,11.5,24.5,3.088235294117647,75.0,17.16,24.977777777777778,5.433333333333334,Javonte Green,1610612765,DET
164,1629639,99,14.727272727272727,25.216216216216218,8.46774193548387,50.0,12.84,25.6,7.371428571428571,49.0,16.653061224489797,24.954545454545453,9.88888888888889,Tyler Herro,1610612748,MIA
220,1630529,167,14.724550898203592,24.34567901234568,5.662790697674419,66.0,12.878787878787879,24.40740740740741,4.897435897435898,101.0,15.930693069306932,24.314814814814813,6.297872340425532,Herbert Jones,1610612740,NOP
197,1630188,149,14.718120805369127,24.91358024691358,2.573529411764706,71.0,11.47887323943662,24.833333333333332,1.7073170731707317,78.0,17.666666666666668,24.96078431372549,3.888888888888889,Jalen Smith,1610612741,CHI
166,1629645,100,14.71,24.80952380952381,7.396551724137931,51.0,13.588235294117647,24.818181818181817,5.068965517241379,49.0,15.877551020408163,24.8,9.724137931034482,Kevin Porter Jr.,1610612749,MIL
267,1630692,183,14.655737704918034,24.86904761904762,5.98989898989899,79.0,12.253164556962025,24.741935483870968,4.1875,104.0,16.48076923076923,24.943396226415093,7.686274509803922,Jordan Goodwin,1610612756,PHX
125,1628989,194,14.510309278350515,24.918367346938776,3.8854166666666665,92.0,10.48913043478261,24.838709677419356,3.19672131147541,102.0,18.137254901960784,24.955223880597014,5.085714285714285,Kevin Huerter,1610612741,CHI
193,1630178,527,14.50853889943074,26.39814814814815,6.2508038585209,246.0,12.548780487804878,26.235294117647058,5.3229813664596275,281.0,16.224199288256226,26.50381679389313,7.246666666666667,Tyrese Maxey,1610612755,PHI
177,1629723,51,14.490196078431373,23.964285714285715,2.9565217391304346,26.0,9.153846153846153,23.555555555555557,1.5294117647058822,25.0,20.04,24.157894736842106,7.0,John Konchar,1610612763,MEM
3,201142,345,14.440579710144927,25.186813186813186,10.590551181102363,172.0,12.994186046511627,25.27777777777778,9.742647058823529,173.0,15.878612716763005,25.12727272727273,11.567796610169491,Kevin Durant,1610612745,HOU
31,203114,136,14.426470588235293,25.05,10.0,67.0,13.17910447761194,25.428571428571427,9.943396226415095,69.0,15.63768115942029,24.846153846153847,10.069767441860465,Khris Middleton,1610612764,WAS
119,1628973,483,14.416149068322982,25.241176470588236,8.536741214057509,235.0,12.676595744680851,24.90625,8.099415204678362,248.0,16.06451612903226,25.443396226415093,9.06338028169014,Jalen Brunson,1610612752,NYK
421,1642354,82,14.365853658536585,25.61111111111111,5.565217391304348,29.0,13.275862068965518,24.833333333333332,5.117647058823529,53.0,14.962264150943396,26.0,5.827586206896552,KJ Simpson,1610612766,CHA
91,1628368,291,14.353951890034365,25.30909090909091,7.696132596685083,142.0,12.140845070422536,24.953488372093023,6.575757575757576,149.0,16.463087248322147,25.53731343283582,9.048780487804878,De'Aaron Fox,1610612759,SAS
78,1627742,443,14.327313769751694,24.923728813559322,10.48,209.0,12.411483253588516,24.897435897435898,9.547058823529412,234.0,16.03846153846154,24.936708860759495,11.503225806451614,Brandon Ingram,1610612761,TOR
66,1626162,149,14.322147651006711,25.0,5.597560975609756,74.0,10.95945945945946,24.565217391304348,4.823529411764706,75.0,17.64,25.227272727272727,6.870967741935484,Kelly Oubre Jr.,1610612755,PHI
44,203903,210,14.276190476190477,24.459183673469386,5.366071428571429,90.0,10.666666666666666,24.785714285714285,4.290322580645161,120.0,16.983333333333334,24.32857142857143,6.7,Jordan Clarkson,1610612752,NYK
7,201566,310,14.264516129032257,24.870229007633586,6.5027932960893855,134.0,11.91044776119403,24.595744680851062,5.057471264367816,176.0,16.056818181818183,25.023809523809526,7.869565217391305,Russell Westbrook,1610612758,SAC
372,1641774,104,14.25,25.833333333333332,6.403225806451613,48.0,9.458333333333334,26.444444444444443,5.538461538461538,56.0,18.357142857142858,25.666666666666668,7.869565217391305,Tristan Vukcevic,1610612764,WAS
390,1642258,231,14.216450216450216,25.047619047619047,5.190476190476191,107.0,10.018691588785046,24.96875,3.64,124.0,17.838709677419356,25.08219178082192,7.470588235294118,Zaccharie Risacher,1610612737,ATL
141,1629027,70,14.142857142857142,25.846153846153847,7.2272727272727275,26.0,10.076923076923077,25.0,6.523809523809524,44.0,16.545454545454547,26.047619047619047,7.869565217391305,Trae Young,1610612737,ATL
94,1628374,452,14.126106194690266,25.253886010362695,5.833976833976834,212.0,11.268867924528301,25.057971014492754,4.615384615384615,240.0,16.65,25.362903225806452,7.336206896551724,Lauri Markkanen,1610612762,UTA
116,1628969,308,14.12012987012987,24.266666666666666,6.202312138728324,162.0,11.339506172839506,24.363636363636363,4.644859813084112,146.0,17.205479452054796,24.2,8.727272727272727,Mikal Bridges,1610612752,NYK
71,1626181,326,14.067484662576687,25.192857142857143,5.693548387096774,163.0,12.539877300613497,25.229508196721312,4.950980392156863,163.0,15.595092024539877,25.164556962025316,6.595238095238095,Norman Powell,1610612748,MIA
99,1628384,193,14.05699481865285,24.23469387755102,3.557894736842105,94.0,11.308510638297872,24.075,1.8518518518518519,99.0,16.666666666666668,24.344827586206897,5.804878048780488,OG Anunoby,1610612752,NYK
88,1627884,92,14.054347826086957,24.5,3.608695652173913,49.0,9.938775510204081,24.5,2.878787878787879,43.0,18.74418604651163,24.5,5.461538461538462,Derrick Jones Jr.,1610612746,LAC
420,1642353,61,14.049180327868852,24.79310344827586,4.3125,21.0,11.333333333333334,23.88888888888889,1.9166666666666667,40.0,15.475,25.2,5.75,Cam Christie,1610612746,LAC
300,1631157,376,14.042553191489361,25.212903225806453,6.208144796380091,178.0,11.49438202247191,24.966666666666665,4.6440677966101696,198.0,16.333333333333332,25.36842105263158,8.0,Ryan Rollins,1610612749,MIL
131,1629006,109,14.009174311926605,23.82758620689655,2.843137254901961,49.0,12.224489795918368,23.82608695652174,1.9615384615384615,60.0,15.466666666666667,23.82857142857143,3.76,Josh Okogie,1610612745,HOU
54,203954,178,13.955056179775282,25.754716981132077,8.952,75.0,10.333333333333334,25.916666666666668,7.365079365079365,103.0,16.59223300970874,25.70731707317073,10.564516129032258,Joel Embiid,1610612755,PHI
442,1642461,57,13.929824561403509,23.548387096774192,2.4615384615384617,33.0,11.787878787878787,23.785714285714285,2.9473684210526314,24.0,16.875,23.352941176470587,1.1428571428571428,Spencer Jones,1610612743,DEN
117,1628970,448,13.825892857142858,25.06,4.766129032258065,194.0,10.79896907216495,24.71875,3.9461538461538463,254.0,16.137795275590552,25.220588235294116,5.669491525423729,Miles Bridges,1610612766,CHA
378,1641796,160,13.80625,24.72972972972973,4.406976744186046,71.0,10.549295774647888,24.32,3.0652173913043477,89.0,16.40449438202247,24.93877551020408,5.95,Pelle Larsson,1610612748,MIA
83,1627759,513,13.799220272904483,25.705035971223023,9.37433155080214,256.0,12.03515625,25.92156862745098,8.580487804878048,257.0,15.556420233463035,25.579545454545453,10.337278106508876,Jaylen Brown,1610612738,BOS
46,203924,340,13.738235294117647,24.50955414012739,4.497267759562842,149.0,11.845637583892618,24.258064516129032,3.0,191.0,15.214659685863875,24.673684210526314,5.854166666666667,Jerami Grant,1610612757,POR
441,1642450,139,13.697841726618705,25.416666666666668,7.516483516483516,62.0,12.17741935483871,25.5625,7.521739130434782,77.0,14.922077922077921,25.34375,7.511111111111111,Daniss Jenkins,1610612765,DET
73,1626204,65,13.615384615384615,24.060606060606062,2.84375,23.0,11.434782608695652,24.1,1.6923076923076923,42.0,14.80952380952381,24.043478260869566,3.6315789473684212,Larry Nance Jr.,1610612739,CLE
478,1642907,264,13.575757575757576,24.342105263157894,5.3933333333333335,121.0,10.611570247933884,24.56756756756757,4.464285714285714,143.0,16.083916083916083,24.233766233766232,6.575757575757576,Cedric Coward,1610612763,MEM
106,1628404,219,13.552511415525114,24.278350515463917,5.024590163934426,112.0,10.464285714285714,24.027027027027028,3.7733333333333334,107.0,16.785046728971963,24.433333333333334,7.0212765957446805,Josh Hart,1610612752,NYK
24,202699,170,13.547058823529412,24.352941176470587,6.3431372549019605,77.0,12.428571428571429,24.23076923076923,6.411764705882353,93.0,14.473118279569892,24.428571428571427,6.2745098039215685,Tobias Harris,1610612765,DET
101,1628389,274,13.52919708029197,24.47872340425532,7.811111111111111,131.0,11.358778625954198,24.53125,7.101010101010101,143.0,15.517482517482517,24.451612903225808,8.679012345679013,Bam Adebayo,1610612748,MIA
367,1641763,55,13.50909090909091,23.366666666666667,1.68,24.0,9.375,23.333333333333332,1.0,31.0,16.70967741935484,23.38095238095238,2.7,Julian Phillips,1610612741,CHI
192,1630175,172,13.44186046511628,25.58823529411765,8.322314049586776,73.0,11.397260273972602,25.5,8.05084745762712,99.0,14.94949494949495,25.62162162162162,8.580645161290322,Cole Anthony,1610612749,MIL
250,1630583,271,13.439114391143912,24.675675675675677,5.64375,128.0,10.46875,24.342105263157894,4.611111111111111,143.0,16.097902097902097,24.84931506849315,6.9714285714285715,Santi Aldama,1610612763,MEM
446,1642845,292,13.431506849315069,25.362068965517242,5.568181818181818,123.0,11.983739837398375,25.555555555555557,4.153846153846154,169.0,14.485207100591715,25.239436619718308,6.6938775510204085,VJ Edgecombe,1610612755,PHI
358,1641740,89,13.426966292134832,23.511111111111113,3.1136363636363638,38.0,10.421052631578947,22.866666666666667,2.3043478260869565,51.0,15.666666666666666,23.833333333333332,4.0,Jaylen Clark,1610612750,MIN
278,1631101,381,13.385826771653543,25.619402985074625,6.748987854251012,173.0,10.028901734104046,25.48780487804878,5.2272727272727275,208.0,16.177884615384617,25.677419354838708,8.495652173913044,Shaedon Sharpe,1610612757,POR
15,201942,337,13.341246290801188,24.333333333333332,11.381118881118882,169.0,12.035502958579881,24.3,10.389261744966444,168.0,14.654761904761905,24.35483870967742,12.459854014598541,DeMar DeRozan,1610612758,SAC
268,1630696,123,13.308943089430894,24.433962264150942,4.885714285714286,54.0,11.425925925925926,24.473684210526315,4.3428571428571425,69.0,14.782608695652174,24.41176470588235,5.428571428571429,Dru Smith,1610612748,MIA
194,1630180,296,13.263513513513514,24.424242424242426,4.280487804878049,132.0,10.409090909090908,24.68888888888889,3.0229885057471266,164.0,15.560975609756097,24.28735632183908,5.701298701298701,Saddiq Bey,1610612740,NOP
411,1642281,207,13.222222222222221,24.11111111111111,3.240740740740741,109.0,11.513761467889909,24.130434782608695,2.3015873015873014,98.0,15.122448979591837,24.09433962264151,4.555555555555555,Jaylon Tyson,1610612739,CLE
335,1641707,57,13.192982456140351,24.14814814814815,3.3333333333333335,23.0,11.434782608695652,23.88888888888889,3.4285714285714284,34.0,14.382352941176471,24.27777777777778,3.25,Taylor Hendricks,1610612762,UTA
23,202696,314,13.19108280254777,25.362068965517242,6.0606060606060606,150.0,11.573333333333334,25.568181818181817,5.764150943396227,164.0,14.670731707317072,25.23611111111111,6.4021739130434785,Nikola Vučević,1610612741,CHI
48,203932,154,13.181818181818182,24.841269841269842,5.1098901098901095,82.0,10.682926829268293,25.0,3.259259259259259,72.0,16.02777777777778,24.714285714285715,7.8108108108108105,Aaron Gordon,1610612743,DEN
153,1629611,161,13.167701863354038,24.55223880597015,5.053191489361702,73.0,10.58904109589041,24.583333333333332,3.7346938775510203,88.0,15.306818181818182,24.53488372093023,6.488888888888889,Terance Mann,1610612751,BKN
432,1642382,62,13.14516129032258,24.833333333333332,2.1875,35.0,9.485714285714286,25.0,1.391304347826087,27.0,17.88888888888889,24.72222222222222,4.222222222222222,Branden Carlson,1610612760,OKC
76,1627739,156,13.14102564102564,24.353846153846153,5.131868131868132,75.0,9.986666666666666,24.043478260869566,3.769230769230769,81.0,16.061728395061728,24.523809523809526,6.948717948717949,Kris Dunn,1610612746,LAC
352,1641731,91,13.10989010989011,24.878048780487806,3.46,34.0,8.852941176470589,24.0,1.608695652173913,57.0,15.649122807017545,25.2,5.037037037037037,Bilal Coulibaly,1610612764,WAS
108,1628418,57,13.105263157894736,25.076923076923077,3.064516129032258,26.0,7.153846153846154,24.333333333333332,2.0,31.0,18.096774193548388,25.3,5.0,Thomas Bryant,1610612739,CLE
158,1629630,215,12.93953488372093,25.323076923076922,7.573333333333333,77.0,9.428571428571429,24.0,6.7384615384615385,138.0,14.898550724637682,25.62264150943396,8.211764705882352,Ja Morant,1610612763,MEM
186,1630168,317,12.930599369085174,24.5,4.237569060773481,157.0,9.9171974522293,24.3265306122449,3.3796296296296298,160.0,15.8875,24.597701149425287,5.506849315068493,Onyeka Okongwu,1610612737,ATL
318,1631222,172,12.924418604651162,24.328767123287673,4.515151515151516,77.0,9.467532467532468,24.17391304347826,3.2037037037037037,95.0,15.726315789473684,24.4,6.088888888888889,Jake LaRavia,1610612747,LAL
123,1628983,484,12.809917355371901,25.30952380952381,8.410614525139664,271.0,11.387453874538746,25.163636363636364,7.87962962962963,213.0,14.619718309859154,25.422535211267604,9.21830985915493,Shai Gilgeous-Alexander,1610612760,OKC
207,1630217,399,12.799498746867167,25.31578947368421,6.541353383458647,178.0,10.376404494382022,25.21276595744681,5.0534351145038165,221.0,14.751131221719458,25.372093023255815,7.985185185185185,Desmond Bane,1610612753,ORL
53,203952,300,12.773333333333333,24.92233009708738,6.4213197969543145,146.0,10.657534246575343,24.923076923076923,5.457943925233645,154.0,14.779220779220779,24.921875,7.566666666666666,Andrew Wiggins,1610612748,MIA
184,1630166,422,12.713270142180095,25.335329341317365,4.447058823529412,198.0,10.328282828282829,25.03174603174603,3.466666666666667,224.0,14.821428571428571,25.51923076923077,5.55,Deni Avdija,1610612757,POR
210,1630230,214,12.682242990654206,24.0875,5.873134328358209,112.0,9.044642857142858,23.84,4.793103448275862,102.0,16.676470588235293,24.2,7.872340425531915,Naji Marshall,1610612742,DAL
126,1628991,308,12.665584415584416,24.723809523809525,6.428571428571429,143.0,10.48951048951049,24.41176470588235,6.146788990825688,165.0,14.55151515151515,24.87323943661972,6.75531914893617,Jaren Jackson Jr.,1610612763,MEM
121,1628976,188,12.48936170212766,24.214285714285715,5.533898305084746,99.0,10.292929292929292,24.133333333333333,4.27536231884058,89.0,14.932584269662922,24.275,7.3061224489795915,Wendell Carter Jr.,1610612753,ORL
254,1630595,452,12.475663716814159,25.81021897810219,6.6761904761904765,205.0,10.248780487804877,25.785714285714285,6.245398773006135,247.0,14.323886639676113,25.821052631578947,7.1381578947368425,Cade Cunningham,1610612765,DET
0,2544,128,12.4609375,25.463414634146343,6.333333333333333,60.0,10.116666666666667,26.333333333333332,6.0625,68.0,14.529411764705882,25.103448275862068,6.666666666666667,LeBron James,1610612747,LAL
85,1627783,458,12.364628820960698,25.418803418803417,7.885630498533724,218.0,10.23394495412844,25.19047619047619,6.6647727272727275,240.0,14.3,25.546666666666667,9.187878787878788,Pascal Siakam,1610612754,IND
231,1630545,64,12.296875,24.11111111111111,3.675675675675676,26.0,10.23076923076923,24.4,1.375,38.0,13.710526315789474,23.941176470588236,5.428571428571429,Terrence Shannon Jr.,1610612750,MIN
134,1629012,225,12.293333333333333,25.35211267605634,6.2727272727272725,110.0,9.8,25.0,5.095238095238095,115.0,14.678260869565218,25.555555555555557,7.685714285714286,Collin Sexton,1610612766,CHA
320,1631243,129,12.170542635658915,23.345454545454544,3.864864864864865,63.0,7.333333333333333,23.466666666666665,2.2916666666666665,66.0,16.78787878787879,23.3,6.769230769230769,Mouhamed Gueye,1610612737,ATL
459,1642860,62,12.161290322580646,26.05263157894737,6.023255813953488,30.0,7.433333333333334,24.4,4.04,32.0,16.59375,26.642857142857142,8.777777777777779,Will Riley,1610612764,WAS
139,1629023,276,12.159420289855072,24.128712871287128,5.251428571428572,121.0,9.743801652892563,24.0,4.3977272727272725,155.0,14.04516129032258,24.191176470588236,6.114942528735632,P.J. Washington,1610612742,DAL
386,1641854,96,12.15625,24.606060606060606,5.634920634920635,50.0,10.28,24.428571428571427,4.777777777777778,46.0,14.195652173913043,24.736842105263158,6.777777777777778,Craig Porter Jr.,1610612739,CLE
93,1628371,55,12.145454545454545,23.307692307692307,2.1379310344827585,25.0,6.64,23.0,1.4736842105263157,30.0,16.733333333333334,23.4,3.4,Jonathan Isaac,1610612753,ORL
188,1630171,119,12.126050420168067,23.56140350877193,1.6129032258064515,54.0,9.092592592592593,23.473684210526315,1.2857142857142858,65.0,14.646153846153846,23.605263157894736,2.037037037037037,Isaac Okoro,1610612741,CHI
216,1630311,119,12.033613445378151,24.794117647058822,6.929411764705883,54.0,11.037037037037036,25.214285714285715,6.075,65.0,12.861538461538462,24.5,7.688888888888889,Pat Spencer,1610612744,GSW
273,1631094,232,11.926724137931034,25.34375,6.815476190476191,104.0,8.778846153846153,25.176470588235293,5.574712643678161,128.0,14.484375,25.404255319148938,8.148148148148149,Paolo Banchero,1610612753,ORL
52,203944,406,11.886699507389162,24.676923076923078,5.86231884057971,201.0,9.527363184079602,24.58695652173913,5.058064516129032,205.0,14.2,24.726190476190474,6.892561983471074,Julius Randle,1610612750,MIN
402,1642271,166,11.885542168674698,23.859375,4.372549019607843,77.0,9.246753246753247,23.80952380952381,3.7857142857142856,89.0,14.168539325842696,23.88372093023256,5.086956521739131,Kyle Filipowski,1610612762,UTA
384,1641824,263,11.870722433460076,24.44144144144144,2.6907894736842106,124.0,8.620967741935484,24.38888888888889,2.1704545454545454,139.0,14.76978417266187,24.466666666666665,3.40625,Matas Buzelis,1610612741,CHI
219,1630526,83,11.855421686746988,24.303030303030305,3.64,29.0,9.689655172413794,25.125,3.8095238095238093,54.0,13.018518518518519,24.04,3.5172413793103448,Jeremiah Robinson-Earl,1610612754,IND
333,1641705,232,11.849137931034482,25.915254237288135,7.0520231213872835,117.0,8.905982905982906,25.714285714285715,5.229166666666667,115.0,14.843478260869565,26.026315789473685,9.324675324675324,Victor Wembanyama,1610612759,SAS
462,1642864,57,11.842105263157896,24.571428571428573,4.416666666666667,29.0,10.172413793103448,24.5,2.6315789473684212,28.0,13.571428571428571,24.636363636363637,6.411764705882353,Hugo González,1610612738,BOS
385,1641842,180,11.838888888888889,23.91176470588235,4.508928571428571,74.0,8.135135135135135,23.77777777777778,3.107142857142857,106.0,14.424528301886792,23.96,5.910714285714286,Ronald Holland II,1610612765,DET
275,1631096,268,11.82089552238806,24.857142857142858,5.869565217391305,154.0,9.142857142857142,24.757575757575758,4.884297520661157,114.0,15.43859649122807,24.92156862745098,7.761904761904762,Chet Holmgren,1610612760,OKC
454,1642854,57,11.807017543859649,23.48,2.6875,33.0,10.666666666666666,23.46153846153846,2.35,24.0,13.375,23.5,3.25,Asa Newell,1610612737,ATL
237,1630558,184,11.798913043478262,24.934426229508198,5.284552845528455,94.0,10.138297872340425,25.583333333333332,4.8428571428571425,90.0,13.533333333333333,24.513513513513512,5.867924528301887,Davion Mitchell,1610612748,MIA
342,1641715,169,11.585798816568047,26.160714285714285,4.3628318584070795,77.0,7.4935064935064934,26.25,2.5737704918032787,92.0,15.01086956521739,26.125,6.461538461538462,Cam Whitmore,1610612764,WAS
241,1630568,70,11.585714285714285,25.0,4.133333333333334,40.0,9.625,24.636363636363637,3.9310344827586206,30.0,14.2,25.285714285714285,4.5,Luka Garza,1610612738,BOS
418,1642349,276,11.583333333333334,24.463414634146343,6.139175257731959,129.0,9.069767441860465,24.379310344827587,4.63,147.0,13.789115646258503,24.50943396226415,7.74468085106383,Ajay Mitchell,1610612760,OKC
299,1631133,84,11.523809523809524,24.17142857142857,2.489795918367347,38.0,8.736842105263158,24.333333333333332,1.5384615384615385,46.0,13.826086956521738,24.08695652173913,3.5652173913043477,Jabari Walker,1610612755,PHI
338,1641710,279,11.498207885304659,24.698924731182796,4.897849462365591,123.0,8.0,24.296296296296298,3.4166666666666665,156.0,14.256410256410257,24.863636363636363,6.477777777777778,Anthony Black,1610612753,ORL
415,1642346,139,11.496402877697841,23.56140350877193,3.1097560975609757,63.0,7.904761904761905,23.823529411764707,2.0217391304347827,76.0,14.473684210526315,23.45,4.5,Ryan Dunn,1610612756,PHX
62,204456,135,11.4,24.88888888888889,9.324786324786325,70.0,10.728571428571428,24.833333333333332,9.40625,65.0,12.123076923076923,24.916666666666668,9.226415094339623,T.J. McConnell,1610612754,IND
196,1630183,297,11.363636363636363,23.978021978021978,5.79126213592233,153.0,9.516339869281046,23.81578947368421,4.791304347826087,144.0,13.32638888888889,24.09433962264151,7.054945054945055,Jaden McDaniels,1610612750,MIN
157,1629628,237,11.362869198312236,24.655172413793103,3.6533333333333333,120.0,8.583333333333334,24.64516129032258,2.9887640449438204,117.0,14.213675213675213,24.660714285714285,4.622950819672131,RJ Barrett,1610612761,TOR
396,1642265,100,11.36,24.695652173913043,7.376623376623376,36.0,9.5,24.714285714285715,5.827586206896552,64.0,12.40625,24.6875,8.3125,Rob Dillingham,1610612750,MIN
59,203999,410,11.348780487804879,25.38135593220339,5.678082191780822,255.0,9.137254901960784,25.44,5.160975609756098,155.0,14.987096774193548,25.33823529411765,6.896551724137931,Nikola Jokić,1610612743,DEN
395,1642264,200,11.25,25.714285714285715,4.598540145985401,101.0,7.900990099009901,25.88888888888889,4.0,99.0,14.666666666666666,25.644444444444446,5.518518518518518,Stephon Castle,1610612759,SAS
243,1630572,175,11.234285714285715,25.147058823529413,2.392523364485981,90.0,7.955555555555556,24.88,1.4461538461538461,85.0,14.705882352941176,25.302325581395348,3.857142857142857,Sandro Mamukelashvili,1610612761,TOR
444,1642843,353,11.124645892351275,24.964285714285715,6.802973977695167,170.0,8.005882352941176,25.0,5.610738255033557,183.0,14.021857923497267,24.952380952380953,8.283333333333333,Cooper Flagg,1610612742,DAL
65,1626157,369,11.051490514905149,26.032,3.377049180327869,175.0,8.422857142857143,25.8,2.4076923076923076,194.0,13.422680412371134,26.1625,4.482456140350878,Karl-Anthony Towns,1610612752,NYK
308,1631200,118,11.0,23.612244897959183,2.0434782608695654,52.0,7.0576923076923075,23.53846153846154,1.564102564102564,66.0,14.106060606060606,23.63888888888889,2.6666666666666665,Kris Murray,1610612757,POR
249,1630581,337,10.98219584569733,25.12621359223301,4.756410256410256,161.0,9.024844720496894,24.951219512195124,3.5833333333333335,176.0,12.772727272727273,25.241935483870968,5.991228070175438,Josh Giddey,1610612741,CHI
212,1630245,210,10.966666666666667,24.1375,2.8615384615384616,109.0,10.045871559633028,24.05263157894737,2.5492957746478875,101.0,11.96039603960396,24.214285714285715,3.23728813559322,Ayo Dosunmu,1610612741,CHI
255,1630596,353,10.937677053824363,24.925233644859812,4.853658536585366,175.0,7.805714285714286,25.026315789473685,3.0291970802919708,178.0,14.01685393258427,24.869565217391305,7.146788990825688,Evan Mobley,1610612739,CLE
209,1630228,176,10.892045454545455,24.7,5.412698412698413,77.0,8.142857142857142,24.5625,3.8360655737704916,99.0,13.030303030303031,24.764705882352942,6.892307692307693,Jonathan Kuminga,1610612744,GSW
98,1628381,236,10.86864406779661,23.7027027027027,5.006172839506172,117.0,7.153846153846154,23.5,3.3684210526315788,119.0,14.521008403361344,23.78846153846154,7.3283582089552235,John Collins,1610612746,LAC
217,1630314,227,10.79295154185022,24.594202898550726,4.765822784810126,90.0,7.3,24.857142857142858,4.065789473684211,137.0,13.087591240875913,24.527272727272727,5.414634146341464,Brandon Williams,1610612742,DAL
288,1631114,100,10.76,25.0,7.419753086419753,45.0,9.022222222222222,26.0,6.410256410256411,55.0,12.181818181818182,24.53846153846154,8.357142857142858,Jalen Williams,1610612760,OKC
373,1641775,103,10.679611650485437,24.71794871794872,2.125,62.0,8.5,24.68421052631579,1.3488372093023255,41.0,13.975609756097562,24.75,3.7142857142857144,Jordan Walsh,1610612738,BOS
147,1629111,199,10.678391959798995,24.758064516129032,4.306569343065694,105.0,9.133333333333333,24.62962962962963,3.769230769230769,94.0,12.404255319148936,24.857142857142858,5.016949152542373,Jock Landale,1610612763,MEM
240,1630567,393,10.552162849872774,25.06382978723404,5.989966555183947,197.0,8.67005076142132,25.13888888888889,4.987577639751553,196.0,12.443877551020408,25.017241379310345,7.159420289855072,Scottie Barnes,1610612761,TOR
222,1630532,382,10.486910994764397,25.47,5.173758865248227,187.0,8.32620320855615,25.194444444444443,4.304635761589404,195.0,12.558974358974359,25.625,6.175572519083969,Franz Wagner,1610612753,ORL
234,1630551,87,10.425287356321839,25.161290322580644,2.267857142857143,38.0,6.605263157894737,25.125,1.6666666666666667,49.0,13.387755102040817,25.17391304347826,2.9615384615384617,Justin Champagnie,1610612764,WAS
235,1630552,384,10.401041666666666,25.34375,5.420138888888889,198.0,8.131313131313131,25.08108108108108,4.236024844720497,186.0,12.817204301075268,25.508474576271187,6.921259842519685,Jalen Johnson,1610612737,ATL
448,1642847,355,10.340845070422535,25.704545454545453,5.277153558052435,159.0,8.484276729559749,25.71875,4.141732283464567,196.0,11.846938775510203,25.696428571428573,6.307142857142857,Jeremiah Fears,1610612740,NOP
401,1642270,171,10.304093567251462,24.83050847457627,2.6517857142857144,82.0,6.109756097560975,25.428571428571427,2.1323529411764706,89.0,14.168539325842696,24.644444444444446,3.4545454545454546,Donovan Clingan,1610612757,POR
312,1631212,191,10.214659685863875,23.850746268656717,2.846774193548387,96.0,7.770833333333333,23.26923076923077,2.0142857142857142,95.0,12.68421052631579,24.21951219512195,3.925925925925926,Peyton Watson,1610612743,DEN
198,1630191,157,10.121019108280255,24.40740740740741,2.6310679611650487,86.0,7.744186046511628,24.40909090909091,2.015625,71.0,13.0,24.40625,3.641025641025641,Isaiah Stewart,1610612765,DET
471,1642877,112,10.089285714285714,24.02857142857143,3.7532467532467533,45.0,6.022222222222222,24.142857142857142,2.6842105263157894,67.0,12.82089552238806,24.0,4.794871794871795,Micah Peavy,1610612740,NOP
298,1631128,97,9.97938144329897,25.25,3.782608695652174,48.0,5.5625,24.333333333333332,2.880952380952381,49.0,14.306122448979592,25.5,5.185185185185185,Christian Braun,1610612743,DEN
118,1628971,142,9.964788732394366,24.0,4.46078431372549,60.0,7.35,23.923076923076923,2.765957446808511,82.0,11.878048780487806,24.037037037037038,5.909090909090909,Bruce Brown,1610612743,DEN
293,1631121,92,9.858695652173912,24.24137931034483,3.238095238095238,48.0,9.8125,24.533333333333335,3.121212121212121,44.0,9.909090909090908,23.928571428571427,3.3666666666666667,Bryce McGowens,1610612740,NOP
104,1628398,262,9.82824427480916,24.957142857142856,4.3125,135.0,6.948148148148148,25.0,3.2410714285714284,127.0,12.88976377952756,24.93617021276596,5.8125,Kyle Kuzma,1610612749,MIL
247,1630578,341,9.700879765395895,26.09090909090909,6.548951048951049,170.0,7.8352941176470585,25.8,5.44,171.0,11.555555555555555,26.257142857142856,7.772058823529412,Alperen Sengun,1610612745,HOU
391,1642259,241,9.50207468879668,25.634615384615383,5.063492063492063,124.0,7.169354838709677,25.27777777777778,4.09433962264151,117.0,11.974358974358974,25.823529411764707,6.301204819277109,Alex Sarr,1610612764,WAS
371,1641772,97,9.484536082474227,24.352941176470587,1.4603174603174602,48.0,4.4375,25.714285714285715,0.8048780487804879,49.0,14.428571428571429,24.0,2.6818181818181817,Nae'Qwan Tomlin,1610612739,CLE
165,1629640,213,9.389671361502348,24.075757575757574,2.795918367346939,121.0,6.801652892561983,24.52173913043478,2.642857142857143,92.0,12.793478260869565,23.837209302325583,3.1020408163265305,Keldon Johnson,1610612759,SAS
84,1627780,90,9.311111111111112,24.24137931034483,2.2131147540983607,43.0,5.8604651162790695,24.25,1.6571428571428573,47.0,12.46808510638298,24.238095238095237,2.9615384615384617,Gary Payton II,1610612744,GSW
286,1631110,85,9.223529411764705,24.24,2.966666666666667,43.0,5.72093023255814,23.571428571428573,2.25,42.0,12.80952380952381,24.5,4.041666666666667,Jeremy Sochan,1610612759,SAS
445,1642844,165,9.151515151515152,24.605263157894736,4.52755905511811,76.0,5.907894736842105,24.3,3.121212121212121,89.0,11.92134831460674,24.714285714285715,6.049180327868853,Dylan Harper,1610612759,SAS
26,203076,174,8.977011494252874,24.863636363636363,6.677631578947368,90.0,6.677777777777778,23.857142857142858,5.228915662650603,84.0,11.44047619047619,25.333333333333332,8.420289855072463,Anthony Davis,1610612742,DAL
399,1642268,76,8.710526315789474,24.928571428571427,5.048387096774194,38.0,6.7368421052631575,24.8,4.0,38.0,10.68421052631579,25.0,6.241379310344827,Isaiah Collier,1610612762,UTA
224,1630534,65,8.692307692307692,24.142857142857142,1.3181818181818181,25.0,2.4,24.0,0.5217391304347826,40.0,12.625,24.157894736842106,2.1904761904761907,Ochai Agbaji,1610612761,TOR
407,1642276,203,8.556650246305418,24.105263157894736,2.4863013698630136,109.0,6.623853211009174,24.083333333333332,1.6941176470588235,94.0,10.797872340425531,24.12121212121212,3.5901639344262297,Kel'el Ware,1610612748,MIA
242,1630570,88,8.534090909090908,24.944444444444443,4.314285714285714,47.0,6.8936170212765955,24.857142857142858,3.75,41.0,10.414634146341463,25.0,5.066666666666666,Trendon Watford,1610612755,PHI
25,202710,263,8.532319391634982,24.6,5.215596330275229,134.0,6.813432835820896,24.5,3.710526315789474,129.0,10.317829457364342,24.68,6.865384615384615,Jimmy Butler III,1610612744,GSW
138,1629020,56,8.517857142857142,23.0,2.2051282051282053,24.0,5.541666666666667,22.4,1.105263157894737,32.0,10.75,23.25,3.25,Jarred Vanderbilt,1610612747,LAL
319,1631230,99,8.484848484848484,23.62962962962963,2.8055555555555554,50.0,4.9,23.714285714285715,1.8372093023255813,49.0,12.142857142857142,23.6,4.241379310344827,Dominick Barlow,1610612755,PHI
58,203994,171,8.339181286549708,25.41176470588235,4.102189781021898,79.0,5.6835443037974684,25.428571428571427,3.763888888888889,92.0,10.619565217391305,25.40740740740741,4.476923076923077,Jusuf Nurkić,1610612762,UTA
464,1642867,103,8.106796116504855,24.48,2.858974358974359,57.0,6.140350877192983,24.833333333333332,1.1555555555555554,46.0,10.543478260869565,24.153846153846153,5.181818181818182,Collin Murray-Boyles,1610612761,TOR
336,1641708,310,8.09032258064516,23.95744680851064,5.254752851711027,150.0,4.866666666666666,24.22222222222222,3.631205673758865,160.0,11.1125,23.894736842105264,7.131147540983607,Amen Thompson,1610612745,HOU
203,1630200,156,7.75,24.483870967741936,3.6,79.0,5.1645569620253164,24.0,3.0422535211267605,77.0,10.402597402597403,24.652173913043477,4.333333333333333,Tre Jones,1610612741,CHI
19,202685,141,7.546099290780142,25.5,6.175572519083969,83.0,6.289156626506024,24.666666666666668,5.6,58.0,9.344827586206897,25.857142857142858,7.078431372549019,Jonas Valančiūnas,1610612743,DEN
469,1642875,118,7.4491525423728815,24.785714285714285,5.115384615384615,62.0,5.935483870967742,25.2,4.245614035087719,56.0,9.125,24.555555555555557,6.170212765957447,Maxime Raynaud,1610612758,SAC
201,1630194,82,7.341463414634147,24.46153846153846,4.115942028985507,53.0,6.0,24.5,3.6382978723404253,29.0,9.793103448275861,24.428571428571427,5.136363636363637,Paul Reed,1610612765,DET
269,1630700,281,7.298932384341637,25.0,4.012658227848101,138.0,4.565217391304348,25.142857142857142,3.4656488549618323,143.0,9.937062937062937,24.972972972972972,4.688679245283019,Dyson Daniels,1610612737,ATL
305,1631170,293,7.1058020477815695,24.805555555555557,4.626459143968872,150.0,4.953333333333333,24.25,3.8661971830985915,143.0,9.363636363636363,24.964285714285715,5.565217391304348,Jaime Jaquez Jr.,1610612748,MIA
452,1642852,256,6.828125,24.72222222222222,5.474789915966387,129.0,4.3023255813953485,25.0,3.9763779527559056,127.0,9.393700787401574,24.6875,7.1891891891891895,Derik Queen,1610612740,NOP
28,203083,132,6.6893939393939394,23.366666666666667,1.7843137254901962,70.0,4.942857142857143,22.90909090909091,1.5932203389830508,62.0,8.661290322580646,23.63157894736842,2.046511627906977,Andre Drummond,1610612755,PHI
326,1631255,53,6.679245283018868,25.0,1.3170731707317074,36.0,4.333333333333333,25.4,0.9354838709677419,17.0,11.647058823529411,24.714285714285715,2.5,Karlo Matković,1610612740,NOP
75,1627734,145,6.613793103448276,25.1,3.656,74.0,4.554054054054054,25.5,3.357142857142857,71.0,8.76056338028169,25.0,4.036363636363636,Domantas Sabonis,1610612758,SAC
233,1630549,104,6.1923076923076925,24.555555555555557,2.3488372093023258,62.0,3.5161290322580645,24.0,1.719298245614035,42.0,10.142857142857142,24.76923076923077,3.586206896551724,Day'Ron Sharpe,1610612751,BKN
337,1641709,198,6.116161616161616,25.375,4.423076923076923,103.0,4.543689320388349,26.4,3.4285714285714284,95.0,7.821052631578947,24.90909090909091,5.583333333333333,Ausar Thompson,1610612765,DET
190,1630173,114,6.078947368421052,24.0625,3.142857142857143,65.0,4.1692307692307695,24.75,2.819672131147541,49.0,8.612244897959183,23.833333333333332,3.675675675675676,Precious Achiuwa,1610612758,SAC
40,203507,294,5.510204081632653,25.47826086956522,3.8154981549815496,188.0,3.234042553191489,25.4,1.9887640449438202,106.0,9.547169811320755,25.53846153846154,7.311827956989247,Giannis Antetokounmpo,1610612749,MIL
151,1629234,91,5.395604395604396,23.5,4.98876404494382,56.0,4.553571428571429,23.0,4.218181818181818,35.0,6.742857142857143,24.0,6.235294117647059,Drew Eubanks,1610612758,SAC
142,1629028,231,5.12987012987013,,5.12987012987013,164.0,4.628048780487805,,4.628048780487805,67.0,6.358208955223881,,6.358208955223881,Deandre Ayton,1610612747,LAL
205,1630208,60,5.05,,5.05,31.0,4.419354838709677,,4.419354838709677,29.0,5.724137931034483,,5.724137931034483,Nick Richards,1610612756,PHX
359,1641744,98,4.755102040816326,24.4,3.6989247311827955,62.0,3.403225806451613,24.0,3.0655737704918034,36.0,7.083333333333333,24.5,4.90625,Zach Edey,1610612763,MEM
145,1629057,64,4.734375,22.875,2.142857142857143,44.0,2.340909090909091,24.0,1.8372093023255813,20.0,10.0,22.714285714285715,3.1538461538461537,Robert Williams III,1610612757,POR
414,1642345,100,4.69,31.0,4.424242424242424,58.0,3.6206896551724137,,3.6206896551724137,42.0,6.166666666666667,31.0,5.560975609756097,Oso Ighodaro,1610612756,PHX
100,1628386,151,4.569536423841059,24.25,4.034013605442177,85.0,3.2823529411764705,,3.2823529411764705,66.0,6.2272727272727275,24.25,5.064516129032258,Jarrett Allen,1610612739,CLE
168,1629651,232,4.551724137931035,25.454545454545453,3.51131221719457,128.0,2.9140625,26.0,2.732283464566929,104.0,6.5673076923076925,25.4,4.5638297872340425,Nic Claxton,1610612751,BKN
102,1628392,158,4.3164556962025316,23.75,3.811688311688312,105.0,2.780952380952381,,2.780952380952381,53.0,7.3584905660377355,23.75,6.020408163265306,Isaiah Hartenstein,1610612760,OKC
103,1628396,72,4.236111111111111,22.0,3.9859154929577465,42.0,4.0476190476190474,,4.0476190476190474,30.0,4.5,22.0,3.896551724137931,Tony Bradley,1610612754,IND
144,1629048,82,4.2317073170731705,24.857142857142858,2.3066666666666666,60.0,2.2333333333333334,23.5,1.5,22.0,9.681818181818182,25.4,5.0588235294117645,Goga Bitadze,1610612753,ORL
115,1628963,128,4.2109375,25.1,2.440677966101695,78.0,3.5384615384615383,24.6,2.095890410958904,50.0,5.26,25.6,3.0,Marvin Bagley III,1610612764,WAS
156,1629627,159,3.9622641509433962,25.0,3.5576923076923075,81.0,2.814814814814815,,2.814814814814815,78.0,5.153846153846154,25.0,4.36,Zion Williamson,1610612740,NOP
87,1627826,296,3.804054054054054,,3.804054054054054,182.0,3.2142857142857144,,3.2142857142857144,114.0,4.745614035087719,,4.745614035087719,Ivica Zubac,1610612746,LAC
285,1631109,173,3.4161849710982657,23.0,3.302325581395349,115.0,2.8173913043478263,23.0,2.6403508771929824,58.0,4.603448275862069,,4.603448275862069,Mark Williams,1610612756,PHX
81,1627751,120,3.325,,3.325,83.0,2.397590361445783,,2.397590361445783,37.0,5.405405405405405,,5.405405405405405,Jakob Poeltl,1610612761,TOR
174,1629674,155,3.2903225806451615,24.666666666666668,2.8684210526315788,101.0,2.00990099009901,,2.00990099009901,54.0,5.685185185185185,24.666666666666668,4.568627450980392,Neemias Queta,1610612738,BOS
281,1631105,230,3.008695652173913,,3.008695652173913,150.0,2.74,,2.74,80.0,3.5125,,3.5125,Jalen Duren,1610612765,DET
170,1629655,82,2.731707317073171,,2.731707317073171,50.0,2.18,,2.18,32.0,3.59375,,3.59375,Daniel Gafford,1610612742,DAL
229,1630543,135,2.5555555555555554,,2.5555555555555554,80.0,1.875,,1.875,55.0,3.5454545454545454,,3.5454545454545454,Isaiah Jackson,1610612754,IND
315,1631217,123,2.5121951219512195,,2.5121951219512195,78.0,1.9743589743589745,,1.9743589743589745,45.0,3.4444444444444446,,3.4444444444444446,Moussa Diabaté,1610612766,CHA
162,1629637,66,2.409090909090909,27.0,2.0307692307692307,49.0,2.306122448979592,27.0,1.7916666666666667,17.0,2.7058823529411766,,2.7058823529411766,Jaxson Hayes,1610612747,LAL
405,1642274,88,2.284090909090909,,2.284090909090909,49.0,1.6938775510204083,,1.6938775510204083,39.0,3.0256410256410255,,3.0256410256410255,Yves Missi,1610612740,NOP
316,1631218,53,2.2264150943396226,,2.2264150943396226,30.0,1.8333333333333333,,1.8333333333333333,23.0,2.739130434782609,,2.739130434782609,Trayce Jackson-Davis,1610612744,GSW
110,1628436,74,1.9864864864864864,,1.9864864864864864,46.0,1.2391304347826086,,1.2391304347826086,28.0,3.2142857142857144,,3.2142857142857144,Luke Kornet,1610612759,SAS
38,203500,79,1.8987341772151898,,1.8987341772151898,42.0,1.7142857142857142,,1.7142857142857142,37.0,2.108108108108108,,2.108108108108108,Steven Adams,1610612745,HOU
37,203497,165,1.878787878787879,,1.878787878787879,123.0,1.3983739837398375,,1.3983739837398375,42.0,3.2857142857142856,,3.2857142857142856,Rudy Gobert,1610612750,MIN
56,203991,62,1.7096774193548387,,1.7096774193548387,35.0,1.1428571428571428,,1.1428571428571428,27.0,2.4444444444444446,,2.4444444444444446,Clint Capela,1610612745,HOU
362,1641750,114,1.6403508771929824,24.0,1.4424778761061947,91.0,1.3186813186813187,,1.3186813186813187,23.0,2.9130434782608696,24.0,1.9545454545454546,Ryan Kalkbrenner,1610612766,CHA
