PLAYER_ID,PLAYER_NAME,TEAM_ID,TEAM_ABBREVIATION,AGE,NICKNAME,Restricted Area_FGM,Restricted Area_FGA,Restricted Area_FG_PCT,In The Paint (Non-RA)_FGM,In The Paint (Non-RA)_FGA,In The Paint (Non-RA)_FG_PCT,Mid-Range_FGM,Mid-Range_FGA,Mid-Range_FG_PCT,Left Corner 3_FGM,Left Corner 3_FGA,Left Corner 3_FG_PCT,Right Corner 3_FGM,Right Corner 3_FGA,Right Corner 3_FG_PCT,Above the Break 3_FGM,Above the Break 3_FGA,Above the Break 3_FG_PCT,Backcourt_FGM,Backcourt_FGA,Backcourt_FG_PCT,Corner 3_FGM,Corner 3_FGA,Corner 3_FG_PCT,Total Shots_FGM,Total from 3_FGM,Pct RA_FGM,Pct 3_FGM,Pct Moreyball_FGM,Total Shots_FGA,Total from 3_FGA,Pct RA_FGA,Pct 3_FGA,Pct Moreyball_FGA
1630241,Sam Merrill,1610612739,CLE,29.0,Sam,27,38,0.711,5,12,0.417,3.0,6.0,0.5,22.0,55.0,0.4,11.0,29.0,0.379,104,284,0.366,0.0,0.0,0.0,33.0,84.0,0.393,172.0,137.0,0.157,0.797,0.954,424.0,368.0,0.09,0.868,0.958
1629731,Dean Wade,1610612739,CLE,28.0,Dean,27,36,0.75,4,9,0.444,1.0,4.0,0.25,18.0,48.0,0.375,20.0,43.0,0.465,42,131,0.321,0.0,0.0,0.0,38.0,91.0,0.418,112.0,80.0,0.241,0.714,0.955,271.0,222.0,0.133,0.819,0.952
1629622,Max Strus,1610612739,CLE,29.0,Max,44,59,0.746,8,20,0.4,0.0,1.0,0.0,22.0,54.0,0.407,15.0,39.0,0.385,76,199,0.382,0.0,1.0,0.0,37.0,93.0,0.398,165.0,113.0,0.267,0.685,0.952,373.0,293.0,0.158,0.786,0.944
201587,Nicolas Batum,1610612746,LAC,36.0,Nicolas,12,21,0.571,1,7,0.143,3.0,7.0,0.429,22.0,48.0,0.458,25.0,54.0,0.463,41,101,0.406,0.0,0.0,0.0,47.0,102.0,0.461,104.0,88.0,0.115,0.846,0.961,238.0,203.0,0.088,0.853,0.941
1630171,Isaac Okoro,1610612739,CLE,24.0,Isaac,63,99,0.636,5,14,0.357,0.0,3.0,0.0,21.0,45.0,0.467,15.0,48.0,0.313,20,58,0.345,0.0,0.0,0.0,36.0,93.0,0.387,124.0,56.0,0.508,0.452,0.96,267.0,151.0,0.371,0.566,0.937
203926,Doug McDermott,1610612758,SAC,33.0,Doug,4,8,0.5,1,3,0.333,1.0,5.0,0.2,10.0,20.0,0.5,3.0,8.0,0.375,31,73,0.425,0.0,0.0,0.0,13.0,28.0,0.464,50.0,44.0,0.08,0.88,0.96,117.0,101.0,0.068,0.863,0.931
1627827,Dorian Finney-Smith,1610612747,LAL,32.0,Dorian,55,90,0.611,9,28,0.321,2.0,3.0,0.667,30.0,69.0,0.435,24.0,56.0,0.429,75,188,0.399,0.0,1.0,0.0,54.0,125.0,0.432,195.0,129.0,0.282,0.662,0.944,435.0,314.0,0.207,0.722,0.929
1629020,Jarred Vanderbilt,1610612747,LAL,26.0,Jarred,48,79,0.608,2,10,0.2,0.0,0.0,0.0,2.0,9.0,0.222,7.0,17.0,0.412,0,5,0.0,0.0,1.0,0.0,9.0,26.0,0.346,59.0,9.0,0.814,0.153,0.967,121.0,32.0,0.653,0.264,0.917
1630643,Jay Huff,1610612763,MEM,27.0,Jay,64,79,0.81,10,17,0.588,3.0,10.0,0.3,8.0,26.0,0.308,10.0,24.0,0.417,62,149,0.416,0.0,0.0,0.0,18.0,50.0,0.36,157.0,80.0,0.408,0.51,0.918,305.0,199.0,0.259,0.652,0.911
1630695,Micah Potter,1610612762,UTA,27.0,Micah,19,25,0.76,6,11,0.545,1.0,1.0,1.0,11.0,27.0,0.407,8.0,31.0,0.258,12,40,0.3,0.0,0.0,0.0,19.0,58.0,0.328,57.0,31.0,0.333,0.544,0.877,135.0,98.0,0.185,0.726,0.911
1630577,Julian Champagnie,1610612759,SAS,24.0,Julian,80,126,0.635,11,42,0.262,7.0,17.0,0.412,37.0,84.0,0.44,25.0,68.0,0.368,116,328,0.354,0.0,0.0,0.0,62.0,152.0,0.408,276.0,178.0,0.29,0.645,0.935,665.0,480.0,0.189,0.722,0.911
1630573,Sam Hauser,1610612738,BOS,27.0,Sam,23,32,0.719,8,16,0.5,17.0,27.0,0.63,25.0,57.0,0.439,26.0,56.0,0.464,115,285,0.404,0.0,1.0,0.0,51.0,113.0,0.451,214.0,166.0,0.107,0.776,0.883,474.0,399.0,0.068,0.842,0.91
1641767,Ben Sheppard,1610612754,IND,23.0,Ben,41,60,0.683,6,18,0.333,5.0,10.0,0.5,15.0,50.0,0.3,25.0,68.0,0.368,28,81,0.346,0.0,0.0,0.0,40.0,118.0,0.339,120.0,68.0,0.342,0.567,0.909,287.0,199.0,0.209,0.693,0.902
1631216,Caleb Houstan,1610612753,ORL,22.0,Caleb,6,11,0.545,6,8,0.75,4.0,11.0,0.364,11.0,33.0,0.333,7.0,23.0,0.304,46,104,0.442,0.0,0.0,0.0,18.0,56.0,0.321,80.0,64.0,0.075,0.8,0.875,190.0,160.0,0.058,0.842,0.9
1629726,Garrison Mathews,1610612737,ATL,28.0,Garrison,7,13,0.538,7,15,0.467,3.0,11.0,0.273,15.0,25.0,0.6,25.0,44.0,0.568,45,149,0.302,0.0,0.0,0.0,40.0,69.0,0.58,102.0,85.0,0.069,0.833,0.902,257.0,218.0,0.051,0.848,0.899
1641871,Duop Reath,1610612757,POR,29.0,Duop,32,43,0.744,4,14,0.286,0.0,3.0,0.0,1.0,8.0,0.125,7.0,17.0,0.412,26,81,0.321,0.0,0.0,0.0,8.0,25.0,0.32,70.0,34.0,0.457,0.486,0.943,166.0,106.0,0.259,0.639,0.898
1630639,A.J. Lawson,1610612761,TOR,24.0,A.J.,39,69,0.565,7,17,0.412,1.0,3.0,0.333,8.0,21.0,0.381,3.0,15.0,0.2,22,65,0.338,0.0,0.0,0.0,11.0,36.0,0.306,80.0,33.0,0.488,0.412,0.9,190.0,101.0,0.363,0.532,0.895
1641763,Julian Phillips,1610612741,CHI,21.0,Julian,63,103,0.612,14,29,0.483,1.0,2.0,0.5,20.0,50.0,0.4,21.0,53.0,0.396,9,50,0.18,0.0,0.0,0.0,41.0,103.0,0.398,128.0,50.0,0.492,0.391,0.883,287.0,153.0,0.359,0.533,0.892
1628978,Donte DiVincenzo,1610612750,MIN,28.0,Donte,53,91,0.582,20,57,0.351,3.0,7.0,0.429,29.0,57.0,0.509,9.0,32.0,0.281,136,347,0.392,0.0,2.0,0.0,38.0,89.0,0.427,250.0,174.0,0.212,0.696,0.908,593.0,438.0,0.153,0.739,0.892
1626220,Royce O'Neale,1610612756,PHX,32.0,Royce,42,66,0.636,17,51,0.333,3.0,12.0,0.25,30.0,63.0,0.476,27.0,49.0,0.551,122,326,0.374,0.0,3.0,0.0,57.0,112.0,0.509,241.0,179.0,0.174,0.743,0.917,570.0,441.0,0.116,0.774,0.89
1630188,Jalen Smith,1610612741,CHI,25.0,Jalen,97,141,0.688,19,35,0.543,2.0,10.0,0.2,7.0,22.0,0.318,6.0,16.0,0.375,58,183,0.317,1.0,1.0,1.0,13.0,38.0,0.342,190.0,72.0,0.511,0.379,0.89,408.0,222.0,0.346,0.544,0.89
1630534,Ochai Agbaji,1610612761,TOR,25.0,Ochai,145,221,0.656,14,44,0.318,6.0,16.0,0.375,29.0,68.0,0.426,30.0,76.0,0.395,42,109,0.385,0.0,0.0,0.0,59.0,144.0,0.41,266.0,101.0,0.545,0.38,0.925,534.0,253.0,0.414,0.474,0.888
1627936,Alex Caruso,1610612760,OKC,31.0,Alex,70,109,0.642,8,25,0.32,2.0,10.0,0.2,11.0,28.0,0.393,15.0,35.0,0.429,34,107,0.318,0.0,0.0,0.0,26.0,63.0,0.413,140.0,60.0,0.5,0.429,0.929,314.0,170.0,0.347,0.541,0.888
1631260,AJ Green,1610612749,MIL,25.0,AJ,8,13,0.615,6,11,0.545,13.0,37.0,0.351,23.0,48.0,0.479,36.0,64.0,0.563,95,248,0.383,1.0,3.0,0.333,59.0,112.0,0.527,182.0,155.0,0.044,0.852,0.896,424.0,363.0,0.031,0.856,0.887
1628366,Lonzo Ball,1610612741,CHI,27.0,Lonzo,11,20,0.55,8,18,0.444,3.0,10.0,0.3,12.0,24.0,0.5,5.0,20.0,0.25,50,147,0.34,0.0,4.0,0.0,17.0,44.0,0.386,89.0,67.0,0.124,0.753,0.877,243.0,195.0,0.082,0.802,0.884
1629021,Moritz Wagner,1610612753,ORL,28.0,Moritz,100,145,0.69,13,28,0.464,0.0,1.0,0.0,5.0,12.0,0.417,4.0,12.0,0.333,18,51,0.353,0.0,0.0,0.0,9.0,24.0,0.375,140.0,27.0,0.714,0.193,0.907,249.0,75.0,0.582,0.301,0.883
1631200,Kris Murray,1610612757,POR,24.0,Kris,78,125,0.624,10,32,0.313,2.0,2.0,1.0,5.0,29.0,0.172,12.0,32.0,0.375,10,59,0.169,0.0,0.0,0.0,17.0,61.0,0.279,117.0,27.0,0.667,0.231,0.898,279.0,120.0,0.448,0.43,0.878
1630198,Isaiah Joe,1610612760,OKC,25.0,Isaiah,38,50,0.76,14,34,0.412,15.0,38.0,0.395,32.0,53.0,0.604,18.0,36.0,0.5,142,377,0.377,0.0,0.0,0.0,50.0,89.0,0.562,259.0,192.0,0.147,0.741,0.888,588.0,466.0,0.085,0.793,0.878
1629130,Duncan Robinson,1610612748,MIA,31.0,Duncan,63,97,0.649,32,70,0.457,5.0,13.0,0.385,19.0,45.0,0.422,22.0,54.0,0.407,149,384,0.388,0.0,0.0,0.0,41.0,99.0,0.414,290.0,190.0,0.217,0.655,0.872,663.0,483.0,0.146,0.729,0.875
1626168,Trey Lyles,1610612758,SAC,29.0,Trey,57,89,0.64,10,33,0.303,9.0,14.0,0.643,21.0,44.0,0.477,7.0,31.0,0.226,53,163,0.325,0.0,0.0,0.0,28.0,75.0,0.373,157.0,81.0,0.363,0.516,0.879,374.0,238.0,0.238,0.636,0.874
1630202,Payton Pritchard,1610612738,BOS,27.0,Payton,98,130,0.754,32,57,0.561,24.0,53.0,0.453,16.0,39.0,0.41,32.0,65.0,0.492,207,514,0.403,0.0,8.0,0.0,48.0,104.0,0.462,409.0,255.0,0.24,0.623,0.863,866.0,626.0,0.15,0.723,0.873
1630572,Sandro Mamukelashvili,1610612759,SAS,26.0,Sandro,64,84,0.762,13,29,0.448,4.0,7.0,0.571,4.0,14.0,0.286,6.0,21.0,0.286,50,125,0.4,0.0,1.0,0.0,10.0,35.0,0.286,141.0,60.0,0.454,0.426,0.88,281.0,161.0,0.299,0.573,0.872
1627824,Guerschon Yabusele,1610612755,PHI,29.0,Guerschon,154,216,0.713,21,61,0.344,3.0,12.0,0.25,11.0,32.0,0.344,14.0,39.0,0.359,79,200,0.395,0.0,3.0,0.0,25.0,71.0,0.352,282.0,104.0,0.546,0.369,0.915,563.0,274.0,0.384,0.487,0.871
1630533,Ziaire Williams,1610612751,BKN,23.0,Ziaire,89,150,0.593,17,51,0.333,5.0,17.0,0.294,18.0,54.0,0.333,22.0,75.0,0.293,63,171,0.368,0.0,2.0,0.0,40.0,129.0,0.31,214.0,103.0,0.416,0.481,0.897,520.0,302.0,0.288,0.581,0.869
1631119,Jaylin Williams,1610612760,OKC,23.0,Jaylin,25,39,0.641,7,17,0.412,4.0,12.0,0.333,7.0,10.0,0.7,7.0,13.0,0.538,47,129,0.364,0.0,1.0,0.0,14.0,23.0,0.609,97.0,61.0,0.258,0.629,0.887,221.0,153.0,0.176,0.692,0.868
1628960,Grayson Allen,1610612756,PHX,29.0,Grayson,47,74,0.635,21,57,0.368,2.0,8.0,0.25,31.0,60.0,0.517,18.0,39.0,0.462,100,251,0.398,0.0,0.0,0.0,49.0,99.0,0.495,219.0,149.0,0.215,0.68,0.895,489.0,350.0,0.151,0.716,0.867
1630611,Gui Santos,1610612744,GSW,23.0,Gui,39,52,0.75,7,22,0.318,2.0,2.0,1.0,4.0,13.0,0.308,11.0,26.0,0.423,19,63,0.302,0.0,1.0,0.0,15.0,39.0,0.385,82.0,34.0,0.476,0.415,0.891,179.0,103.0,0.291,0.575,0.866
1641730,Noah Clowney,1610612751,BKN,20.0,Noah,35,61,0.574,10,44,0.227,1.0,6.0,0.167,12.0,36.0,0.333,12.0,33.0,0.364,63,191,0.33,0.0,1.0,0.0,24.0,69.0,0.348,133.0,87.0,0.263,0.654,0.917,372.0,261.0,0.164,0.702,0.866
1630192,Zeke Nnaji,1610612743,DEN,24.0,Zeke,47,70,0.671,3,13,0.231,3.0,6.0,0.5,3.0,12.0,0.25,6.0,16.0,0.375,8,24,0.333,0.0,0.0,0.0,9.0,28.0,0.321,70.0,17.0,0.671,0.243,0.914,141.0,52.0,0.496,0.369,0.865
1642419,Jamison Battle,1610612761,TOR,24.0,Jamison,22,41,0.537,12,25,0.48,10.0,22.0,0.455,28.0,64.0,0.438,16.0,44.0,0.364,61,151,0.404,0.0,0.0,0.0,44.0,108.0,0.407,149.0,105.0,0.148,0.705,0.853,347.0,259.0,0.118,0.746,0.864
203914,Gary Harris,1610612753,ORL,30.0,Gary,9,14,0.643,3,13,0.231,3.0,5.0,0.6,11.0,27.0,0.407,5.0,16.0,0.313,20,58,0.345,0.0,0.0,0.0,16.0,43.0,0.372,51.0,36.0,0.176,0.706,0.882,133.0,101.0,0.105,0.759,0.864
1641796,Pelle Larsson,1610612748,MIA,24.0,Pelle,48,80,0.6,9,25,0.36,0.0,3.0,0.0,6.0,16.0,0.375,7.0,17.0,0.412,19,62,0.306,0.0,0.0,0.0,13.0,33.0,0.394,89.0,32.0,0.539,0.36,0.899,203.0,95.0,0.394,0.468,0.862
1642270,Donovan Clingan,1610612757,POR,21.0,Donovan,151,238,0.634,14,42,0.333,1.0,5.0,0.2,2.0,4.0,0.5,0.0,1.0,0.0,12,44,0.273,0.0,0.0,0.0,2.0,5.0,0.4,180.0,14.0,0.839,0.078,0.917,334.0,49.0,0.713,0.147,0.86
1641739,Toumani Camara,1610612757,POR,25.0,Toumani,159,255,0.624,34,99,0.343,0.0,2.0,0.0,28.0,78.0,0.359,29.0,83.0,0.349,78,198,0.394,0.0,1.0,0.0,57.0,161.0,0.354,328.0,135.0,0.485,0.412,0.897,716.0,360.0,0.356,0.503,0.859
1629659,Talen Horton-Tucker,1610612741,CHI,24.0,Talen,73,128,0.57,16,34,0.471,3.0,7.0,0.429,8.0,15.0,0.533,3.0,12.0,0.25,30,95,0.316,0.0,0.0,0.0,11.0,27.0,0.407,133.0,41.0,0.549,0.308,0.857,291.0,122.0,0.44,0.419,0.859
201569,Eric Gordon,1610612755,PHI,36.0,Eric,21,38,0.553,8,24,0.333,2.0,5.0,0.4,5.0,11.0,0.455,5.0,8.0,0.625,46,116,0.397,0.0,2.0,0.0,10.0,19.0,0.526,87.0,56.0,0.241,0.644,0.885,204.0,137.0,0.186,0.672,0.858
1629652,Luguentz Dort,1610612760,OKC,26.0,Luguentz,54,94,0.574,18,52,0.346,16.0,34.0,0.471,20.0,52.0,0.385,27.0,60.0,0.45,123,301,0.409,0.0,0.0,0.0,47.0,112.0,0.42,258.0,170.0,0.209,0.659,0.868,593.0,413.0,0.159,0.696,0.855
1641737,Adem Bona,1610612755,PHI,22.0,Adem,119,163,0.73,16,26,0.615,0.0,2.0,0.0,0.0,1.0,0.0,0.0,0.0,0.0,0,0,0.0,0.0,0.0,0.0,0.0,1.0,0.0,135.0,0.0,0.881,0.0,0.881,192.0,1.0,0.849,0.005,0.854
1631248,Baylor Scheierman,1610612738,BOS,24.0,Baylor,8,12,0.667,2,10,0.2,3.0,6.0,0.5,4.0,13.0,0.308,4.0,12.0,0.333,18,57,0.316,0.0,0.0,0.0,8.0,25.0,0.32,39.0,26.0,0.205,0.667,0.872,110.0,82.0,0.109,0.745,0.854
1631245,Quenton Jackson,1610612754,IND,26.0,Quenton,37,64,0.578,5,11,0.455,1.0,7.0,0.143,3.0,9.0,0.333,1.0,4.0,0.25,11,27,0.407,0.0,0.0,0.0,4.0,13.0,0.308,58.0,15.0,0.638,0.259,0.897,122.0,40.0,0.525,0.328,0.853
1630249,Vít Krejčí,1610612737,ATL,25.0,Vít,31,43,0.721,21,37,0.568,3.0,6.0,0.5,9.0,24.0,0.375,16.0,22.0,0.727,65,160,0.406,0.0,0.0,0.0,25.0,46.0,0.543,145.0,90.0,0.214,0.621,0.835,292.0,206.0,0.147,0.705,0.852
1628418,Thomas Bryant,1610612754,IND,27.0,Thomas,84,125,0.672,23,38,0.605,8.0,10.0,0.8,9.0,25.0,0.36,13.0,28.0,0.464,26,95,0.274,0.0,0.0,0.0,22.0,53.0,0.415,163.0,48.0,0.515,0.294,0.809,321.0,148.0,0.389,0.461,0.85
1631117,Walker Kessler,1610612762,UTA,23.0,Walker,237,322,0.736,35,61,0.574,0.0,2.0,0.0,4.0,7.0,0.571,0.0,1.0,0.0,2,25,0.08,0.0,1.0,0.0,4.0,8.0,0.5,278.0,6.0,0.853,0.022,0.875,419.0,34.0,0.768,0.081,0.849
1642273,Kyshawn George,1610612764,WAS,21.0,Kyshawn,63,110,0.573,19,56,0.339,7.0,26.0,0.269,17.0,48.0,0.354,9.0,26.0,0.346,88,277,0.318,0.0,3.0,0.0,26.0,74.0,0.351,203.0,114.0,0.31,0.562,0.872,546.0,354.0,0.201,0.648,0.849
1641824,Matas Buzelis,1610612741,CHI,20.0,Matas,121,205,0.59,30,67,0.448,5.0,17.0,0.294,35.0,81.0,0.432,14.0,54.0,0.259,47,131,0.359,0.0,0.0,0.0,49.0,135.0,0.363,252.0,96.0,0.48,0.381,0.861,555.0,266.0,0.369,0.479,0.848
201143,Al Horford,1610612738,BOS,39.0,Al,53,76,0.697,26,59,0.441,2.0,12.0,0.167,18.0,44.0,0.409,22.0,62.0,0.355,74,207,0.357,0.0,1.0,0.0,40.0,106.0,0.377,195.0,114.0,0.272,0.585,0.857,461.0,314.0,0.165,0.681,0.846
1627752,Taurean Prince,1610612749,MIL,31.0,Taurean,58,99,0.586,20,55,0.364,10.0,25.0,0.4,48.0,94.0,0.511,30.0,79.0,0.38,69,160,0.431,0.0,2.0,0.0,78.0,173.0,0.451,235.0,147.0,0.247,0.626,0.873,514.0,335.0,0.193,0.652,0.845
1630167,Obi Toppin,1610612754,IND,27.0,Obi,160,204,0.784,41,73,0.562,6.0,21.0,0.286,35.0,78.0,0.449,19.0,42.0,0.452,56,176,0.318,0.0,5.0,0.0,54.0,120.0,0.45,317.0,110.0,0.505,0.347,0.852,599.0,301.0,0.341,0.503,0.844
1628449,Chris Boucher,1610612761,TOR,32.0,Chris,86,119,0.723,17,40,0.425,9.0,18.0,0.5,16.0,38.0,0.421,18.0,49.0,0.367,36,106,0.34,0.0,0.0,0.0,34.0,87.0,0.391,182.0,70.0,0.473,0.385,0.858,370.0,193.0,0.322,0.522,0.844
1630245,Ayo Dosunmu,1610612741,CHI,25.0,Ayo,126,190,0.663,31,62,0.5,2.0,8.0,0.25,12.0,35.0,0.343,15.0,42.0,0.357,35,112,0.313,0.0,0.0,0.0,27.0,77.0,0.351,221.0,62.0,0.57,0.281,0.851,449.0,189.0,0.423,0.421,0.844
1629750,Javonte Green,1610612739,CLE,31.0,Javonte,64,101,0.634,13,39,0.333,0.0,6.0,0.0,6.0,28.0,0.214,16.0,42.0,0.381,24,71,0.338,0.0,0.0,0.0,22.0,70.0,0.314,123.0,46.0,0.52,0.374,0.894,287.0,141.0,0.352,0.491,0.843
1642366,Quinten Post,1610612744,GSW,25.0,Quinten,26,52,0.5,19,35,0.543,5.0,8.0,0.625,9.0,23.0,0.391,12.0,26.0,0.462,52,129,0.403,0.0,1.0,0.0,21.0,49.0,0.429,123.0,73.0,0.211,0.593,0.804,274.0,179.0,0.19,0.653,0.843
1626192,Pat Connaughton,1610612749,MIL,32.0,Pat,43,68,0.632,10,22,0.455,4.0,6.0,0.667,1.0,8.0,0.125,3.0,12.0,0.25,22,61,0.361,0.0,0.0,0.0,4.0,20.0,0.2,83.0,26.0,0.518,0.313,0.831,177.0,81.0,0.384,0.458,0.842
1630551,Justin Champagnie,1610612764,WAS,24.0,Justin,111,153,0.725,20,55,0.364,5.0,10.0,0.5,13.0,42.0,0.31,10.0,22.0,0.455,51,128,0.398,0.0,1.0,0.0,23.0,64.0,0.359,210.0,74.0,0.529,0.352,0.881,411.0,193.0,0.372,0.47,0.842
1627741,Buddy Hield,1610612744,GSW,32.0,Buddy,73,112,0.652,34,72,0.472,18.0,53.0,0.34,27.0,81.0,0.333,25.0,54.0,0.463,151,413,0.366,0.0,1.0,0.0,52.0,135.0,0.385,328.0,203.0,0.223,0.619,0.842,786.0,549.0,0.142,0.698,0.84
1630322,Lindy Waters III,1610612765,DET,27.0,Lindy,13,23,0.565,8,20,0.4,7.0,20.0,0.35,11.0,29.0,0.379,8.0,29.0,0.276,45,128,0.352,0.0,0.0,0.0,19.0,58.0,0.328,92.0,64.0,0.141,0.696,0.837,249.0,186.0,0.092,0.747,0.839
203497,Rudy Gobert,1610612750,MIN,33.0,Rudy,323,427,0.756,18,76,0.237,0.0,7.0,0.0,0.0,0.0,0.0,0.0,0.0,0.0,0,0,0.0,0.0,0.0,0.0,0.0,0.0,0.0,341.0,0.0,0.947,0.0,0.947,510.0,0.0,0.837,0.0,0.837
1630243,Trevelin Queen,1610612753,ORL,28.0,Trevelin,27,46,0.587,6,19,0.316,1.0,5.0,0.2,3.0,10.0,0.3,5.0,9.0,0.556,14,54,0.259,0.0,4.0,0.0,8.0,19.0,0.421,56.0,22.0,0.482,0.393,0.875,147.0,77.0,0.313,0.524,0.837
1629216,Gabe Vincent,1610612747,LAL,29.0,Gabe,27,42,0.643,17,40,0.425,15.0,29.0,0.517,21.0,65.0,0.323,23.0,47.0,0.489,65,196,0.332,0.0,1.0,0.0,44.0,112.0,0.393,168.0,109.0,0.161,0.649,0.81,420.0,309.0,0.1,0.736,0.836
1629312,Haywood Highsmith,1610612748,MIA,28.0,Haywood,62,93,0.667,23,52,0.442,5.0,13.0,0.385,26.0,59.0,0.441,24.0,53.0,0.453,39,121,0.322,0.0,0.0,0.0,50.0,112.0,0.446,179.0,89.0,0.346,0.497,0.843,391.0,233.0,0.238,0.596,0.834
1631133,Jabari Walker,1610612757,POR,22.0,Jabari,79,119,0.664,9,30,0.3,2.0,8.0,0.25,7.0,13.0,0.538,10.0,22.0,0.455,11,36,0.306,0.0,1.0,0.0,17.0,35.0,0.486,118.0,28.0,0.669,0.237,0.906,229.0,72.0,0.52,0.314,0.834
1641816,Hunter Tyson,1610612743,DEN,25.0,Hunter,17,26,0.654,2,13,0.154,3.0,7.0,0.429,4.0,11.0,0.364,2.0,12.0,0.167,17,51,0.333,0.0,0.0,0.0,6.0,23.0,0.261,45.0,23.0,0.378,0.511,0.889,120.0,74.0,0.217,0.617,0.834
202692,Alec Burks,1610612748,MIA,33.0,Alec,8,19,0.421,11,27,0.407,8.0,18.0,0.444,29.0,71.0,0.408,13.0,32.0,0.406,46,103,0.447,0.0,1.0,0.0,42.0,103.0,0.408,115.0,88.0,0.07,0.765,0.835,271.0,207.0,0.07,0.764,0.834
1628371,Jonathan Isaac,1610612753,ORL,27.0,Jonathan,77,119,0.647,5,11,0.455,13.0,43.0,0.302,8.0,36.0,0.222,22.0,61.0,0.361,9,54,0.167,0.0,0.0,0.0,30.0,97.0,0.309,134.0,39.0,0.575,0.291,0.866,324.0,151.0,0.367,0.466,0.833
1626153,Delon Wright,1610612752,NYK,33.0,Delon,20,36,0.556,3,19,0.158,2.0,3.0,0.667,3.0,6.0,0.5,6.0,15.0,0.4,11,52,0.212,0.0,0.0,0.0,9.0,21.0,0.429,45.0,20.0,0.444,0.444,0.888,131.0,73.0,0.275,0.557,0.832
1641724,Jett Howard,1610612753,ORL,21.0,Jett,23,32,0.719,8,20,0.4,12.0,24.0,0.5,10.0,27.0,0.37,7.0,19.0,0.368,38,138,0.275,0.0,2.0,0.0,17.0,46.0,0.37,98.0,55.0,0.235,0.561,0.796,262.0,186.0,0.122,0.71,0.832
203084,Harrison Barnes,1610612759,SAS,33.0,Harrison,137,208,0.659,42,91,0.462,12.0,24.0,0.5,46.0,102.0,0.451,51.0,103.0,0.495,59,153,0.386,0.0,2.0,0.0,97.0,205.0,0.473,347.0,156.0,0.395,0.45,0.845,683.0,360.0,0.305,0.527,0.832
1631243,Mouhamed Gueye,1610612737,ATL,22.0,Mouhamed,39,61,0.639,10,24,0.417,2.0,5.0,0.4,6.0,22.0,0.273,6.0,27.0,0.222,9,32,0.281,0.0,0.0,0.0,12.0,49.0,0.245,72.0,21.0,0.542,0.292,0.834,171.0,81.0,0.357,0.474,0.831
1629013,Landry Shamet,1610612752,NYK,28.0,Landry,24,35,0.686,10,18,0.556,10.0,21.0,0.476,9.0,24.0,0.375,20.0,40.0,0.5,33,91,0.363,0.0,1.0,0.0,29.0,64.0,0.453,106.0,62.0,0.226,0.585,0.811,230.0,156.0,0.152,0.678,0.83
1628384,OG Anunoby,1610612752,NYK,27.0,OG,256,390,0.656,37,99,0.374,25.0,78.0,0.321,49.0,128.0,0.383,33.0,88.0,0.375,89,243,0.366,0.0,1.0,0.0,82.0,216.0,0.38,489.0,171.0,0.524,0.35,0.874,1027.0,460.0,0.38,0.448,0.828
1631165,Keon Ellis,1610612758,SAC,25.0,Keon,50,63,0.794,28,50,0.56,10.0,30.0,0.333,36.0,69.0,0.522,18.0,39.0,0.462,85,213,0.399,0.0,0.0,0.0,54.0,108.0,0.5,227.0,139.0,0.22,0.612,0.832,464.0,321.0,0.136,0.692,0.828
1628401,Derrick White,1610612738,BOS,30.0,Derrick,74,103,0.718,62,110,0.564,23.0,55.0,0.418,29.0,63.0,0.46,24.0,60.0,0.4,212,568,0.373,0.0,0.0,0.0,53.0,123.0,0.431,424.0,265.0,0.175,0.625,0.8,959.0,691.0,0.107,0.721,0.828
1627777,Georges Niang,1610612737,ATL,32.0,Georges,68,103,0.66,46,91,0.505,6.0,17.0,0.353,41.0,91.0,0.451,25.0,70.0,0.357,100,248,0.403,0.0,0.0,0.0,66.0,161.0,0.41,286.0,166.0,0.238,0.58,0.818,620.0,409.0,0.166,0.66,0.826
1631207,Dalen Terry,1610612741,CHI,22.0,Dalen,68,117,0.581,14,40,0.35,1.0,7.0,0.143,11.0,26.0,0.423,6.0,21.0,0.286,20,57,0.351,0.0,0.0,0.0,17.0,47.0,0.362,120.0,37.0,0.567,0.308,0.875,268.0,104.0,0.437,0.388,0.825
202709,Cory Joseph,1610612753,ORL,33.0,Cory,10,20,0.5,7,15,0.467,6.0,12.0,0.5,4.0,9.0,0.444,5.0,16.0,0.313,30,81,0.37,0.0,1.0,0.0,9.0,25.0,0.36,62.0,39.0,0.161,0.629,0.79,154.0,107.0,0.13,0.695,0.825
1628975,Jevon Carter,1610612741,CHI,29.0,Jevon,8,15,0.533,6,13,0.462,6.0,13.0,0.462,6.0,19.0,0.316,4.0,6.0,0.667,25,80,0.313,0.0,0.0,0.0,10.0,25.0,0.4,55.0,35.0,0.145,0.636,0.781,146.0,105.0,0.103,0.719,0.822
1630538,Bones Hyland,1610612750,MIN,24.0,Bones,8,15,0.533,2,8,0.25,5.0,13.0,0.385,3.0,6.0,0.5,1.0,2.0,0.5,28,73,0.384,0.0,1.0,0.0,4.0,8.0,0.5,47.0,32.0,0.17,0.681,0.851,118.0,82.0,0.127,0.695,0.822
1631323,Simone Fontecchio,1610612765,DET,29.0,Simone,46,79,0.582,19,41,0.463,9.0,26.0,0.346,12.0,39.0,0.308,12.0,46.0,0.261,52,140,0.371,0.0,2.0,0.0,24.0,85.0,0.282,150.0,76.0,0.307,0.507,0.814,373.0,227.0,0.212,0.609,0.821
1629637,Jaxson Hayes,1610612747,LAL,25.0,Jaxson,145,180,0.806,15,38,0.395,1.0,2.0,0.5,0.0,1.0,0.0,0.0,0.0,0.0,0,2,0.0,0.0,0.0,0.0,0.0,1.0,0.0,161.0,0.0,0.901,0.0,0.901,223.0,3.0,0.807,0.013,0.82
1630557,Corey Kispert,1610612764,WAS,26.0,Corey,91,133,0.684,42,89,0.472,2.0,13.0,0.154,11.0,28.0,0.393,10.0,29.0,0.345,99,268,0.369,0.0,5.0,0.0,21.0,57.0,0.368,255.0,120.0,0.357,0.471,0.828,565.0,330.0,0.235,0.584,0.819
1629610,DaQuan Jeffries,1610612766,CHA,27.0,DaQuan,39,74,0.527,17,41,0.415,7.0,12.0,0.583,17.0,51.0,0.333,14.0,29.0,0.483,24,83,0.289,0.0,1.0,0.0,31.0,80.0,0.388,118.0,55.0,0.331,0.466,0.797,291.0,164.0,0.254,0.564,0.818
201567,Kevin Love,1610612748,MIA,36.0,Kevin,11,27,0.407,4,14,0.286,2.0,7.0,0.286,3.0,11.0,0.273,2.0,3.0,0.667,19,52,0.365,0.0,1.0,0.0,5.0,14.0,0.357,41.0,24.0,0.268,0.585,0.853,115.0,67.0,0.235,0.583,0.818
1642275,Tidjane Salaün,1610612766,CHA,19.0,Tidjane,44,77,0.571,8,50,0.16,4.0,13.0,0.308,12.0,26.0,0.462,4.0,20.0,0.2,42,159,0.264,0.0,0.0,0.0,16.0,46.0,0.348,114.0,58.0,0.386,0.509,0.895,345.0,205.0,0.223,0.594,0.817
1630592,Jalen Wilson,1610612751,BKN,24.0,Jalen,89,144,0.618,31,103,0.301,4.0,11.0,0.364,15.0,48.0,0.313,23.0,65.0,0.354,84,248,0.339,0.0,1.0,0.0,38.0,113.0,0.336,246.0,122.0,0.362,0.496,0.858,620.0,362.0,0.232,0.584,0.816
1628436,Luke Kornet,1610612738,BOS,29.0,Luke,164,225,0.729,19,46,0.413,4.0,6.0,0.667,0.0,0.0,0.0,0.0,1.0,0.0,0,2,0.0,0.0,0.0,0.0,0.0,1.0,0.0,187.0,0.0,0.877,0.0,0.877,280.0,3.0,0.804,0.011,0.815
1631110,Jeremy Sochan,1610612759,SAS,22.0,Jeremy,198,291,0.68,22,71,0.31,3.0,16.0,0.188,6.0,15.0,0.4,5.0,23.0,0.217,17,53,0.321,0.0,0.0,0.0,11.0,38.0,0.289,251.0,28.0,0.789,0.112,0.901,469.0,91.0,0.62,0.194,0.814
1628989,Kevin Huerter,1610612741,CHI,26.0,Kevin,74,101,0.733,40,84,0.476,11.0,28.0,0.393,17.0,45.0,0.378,22.0,51.0,0.431,93,294,0.316,0.0,1.0,0.0,39.0,96.0,0.406,257.0,132.0,0.288,0.514,0.802,604.0,391.0,0.167,0.647,0.814
1630526,Jeremiah Robinson-Earl,1610612740,NOP,24.0,Jeremiah,76,118,0.644,16,41,0.39,10.0,24.0,0.417,20.0,42.0,0.476,20.0,50.0,0.4,16,72,0.222,0.0,0.0,0.0,40.0,92.0,0.435,158.0,56.0,0.481,0.354,0.835,347.0,164.0,0.34,0.473,0.813
1628964,Mo Bamba,1610612740,NOP,27.0,Mo,28,37,0.757,6,17,0.353,3.0,4.0,0.75,5.0,10.0,0.5,0.0,9.0,0.0,10,35,0.286,0.0,0.0,0.0,5.0,19.0,0.263,52.0,15.0,0.538,0.288,0.826,112.0,54.0,0.33,0.482,0.812
1627884,Derrick Jones Jr.,1610612746,LAC,28.0,Derrick,182,259,0.703,46,98,0.469,4.0,13.0,0.308,17.0,59.0,0.288,26.0,60.0,0.433,35,99,0.354,0.0,1.0,0.0,43.0,119.0,0.361,310.0,78.0,0.587,0.252,0.839,589.0,219.0,0.44,0.372,0.812
1630231,KJ Martin,1610612762,UTA,24.0,KJ,72,105,0.686,23,37,0.622,1.0,1.0,1.0,11.0,27.0,0.407,3.0,17.0,0.176,1,14,0.071,0.0,0.0,0.0,14.0,44.0,0.318,111.0,15.0,0.649,0.135,0.784,201.0,58.0,0.522,0.289,0.811
1642261,Dalton Knecht,1610612747,LAL,24.0,Dalton,84,111,0.757,30,73,0.411,15.0,33.0,0.455,25.0,57.0,0.439,18.0,41.0,0.439,85,240,0.354,0.0,2.0,0.0,43.0,98.0,0.439,257.0,128.0,0.327,0.498,0.825,557.0,340.0,0.199,0.61,0.809
200768,Kyle Lowry,1610612755,PHI,39.0,Kyle,4,6,0.667,5,14,0.357,3.0,9.0,0.333,2.0,10.0,0.2,5.0,10.0,0.5,22,66,0.333,0.0,2.0,0.0,7.0,20.0,0.35,41.0,29.0,0.098,0.707,0.805,117.0,88.0,0.051,0.752,0.803
1631104,Blake Wesley,1610612759,SAS,22.0,Blake,54,91,0.593,8,23,0.348,2.0,14.0,0.143,3.0,8.0,0.375,4.0,13.0,0.308,10,37,0.27,0.0,0.0,0.0,7.0,21.0,0.333,81.0,17.0,0.667,0.21,0.877,186.0,58.0,0.489,0.312,0.801
1629638,Nickeil Alexander-Walker,1610612750,MIN,26.0,Nickeil,78,123,0.634,34,88,0.386,17.0,35.0,0.486,29.0,56.0,0.518,36.0,81.0,0.444,76,229,0.332,0.0,4.0,0.0,65.0,137.0,0.474,270.0,141.0,0.289,0.522,0.811,616.0,370.0,0.2,0.601,0.801
1627747,Caris LeVert,1610612737,ATL,30.0,Caris,126,195,0.646,40,90,0.444,8.0,30.0,0.267,20.0,46.0,0.435,18.0,44.0,0.409,68,194,0.351,0.0,0.0,0.0,38.0,90.0,0.422,280.0,106.0,0.45,0.379,0.829,599.0,284.0,0.326,0.474,0.8
1631172,Ousmane Dieng,1610612760,OKC,22.0,Ousmane,19,29,0.655,9,18,0.5,3.0,7.0,0.429,0.0,6.0,0.0,7.0,16.0,0.438,16,49,0.327,0.0,0.0,0.0,7.0,22.0,0.318,54.0,23.0,0.352,0.426,0.778,125.0,71.0,0.232,0.568,0.8
1626204,Larry Nance Jr.,1610612737,ATL,32.0,Larry,33,48,0.688,10,24,0.417,3.0,7.0,0.429,5.0,11.0,0.455,8.0,17.0,0.471,21,46,0.457,0.0,2.0,0.0,13.0,28.0,0.464,80.0,34.0,0.412,0.425,0.837,155.0,76.0,0.31,0.49,0.8
1630553,Keon Johnson,1610612751,BKN,23.0,Keon,120,221,0.543,39,115,0.339,18.0,42.0,0.429,20.0,56.0,0.357,19.0,66.0,0.288,87,277,0.314,0.0,2.0,0.0,39.0,122.0,0.32,303.0,126.0,0.396,0.416,0.812,779.0,401.0,0.284,0.515,0.799
1630182,Josh Green,1610612766,CHA,24.0,Josh,53,88,0.602,18,52,0.346,12.0,33.0,0.364,32.0,76.0,0.421,31.0,77.0,0.403,34,94,0.362,0.0,1.0,0.0,63.0,153.0,0.412,180.0,97.0,0.294,0.539,0.833,421.0,248.0,0.209,0.589,0.798
1627736,Malik Beasley,1610612765,DET,28.0,Malik,55,89,0.618,54,135,0.4,33.0,81.0,0.407,47.0,87.0,0.54,41.0,80.0,0.513,231,597,0.387,0.0,2.0,0.0,88.0,167.0,0.527,461.0,319.0,0.119,0.692,0.811,1071.0,766.0,0.083,0.715,0.798
1629673,Jordan Poole,1610612764,WAS,26.0,Jordan,150,221,0.679,47,140,0.336,25.0,74.0,0.338,12.0,23.0,0.522,7.0,34.0,0.206,216,562,0.384,0.0,3.0,0.0,19.0,57.0,0.333,457.0,235.0,0.328,0.514,0.842,1057.0,622.0,0.209,0.588,0.797
1629684,Grant Williams,1610612766,CHA,26.0,Grant,17,24,0.708,6,15,0.4,4.0,10.0,0.4,3.0,8.0,0.375,2.0,8.0,0.25,22,58,0.379,0.0,0.0,0.0,5.0,16.0,0.313,54.0,27.0,0.315,0.5,0.815,123.0,74.0,0.195,0.602,0.797
1630598,Aaron Wiggins,1610612760,OKC,26.0,Aaron,166,240,0.692,45,113,0.398,14.0,36.0,0.389,24.0,72.0,0.333,17.0,44.0,0.386,89,222,0.401,0.0,1.0,0.0,41.0,116.0,0.353,355.0,130.0,0.468,0.366,0.834,728.0,339.0,0.33,0.466,0.796
1631105,Jalen Duren,1610612765,DET,21.0,Jalen,316,434,0.728,59,109,0.541,3.0,3.0,1.0,0.0,0.0,0.0,0.0,0.0,0.0,0,0,0.0,0.0,0.0,0.0,0.0,0.0,0.0,378.0,0.0,0.836,0.0,0.836,546.0,0.0,0.795,0.0,0.795
1642358,AJ Johnson,1610612764,WAS,20.0,AJ,45,79,0.57,12,39,0.308,1.0,5.0,0.2,2.0,6.0,0.333,3.0,6.0,0.5,19,76,0.25,0.0,2.0,0.0,5.0,12.0,0.417,82.0,24.0,0.549,0.293,0.842,213.0,90.0,0.371,0.423,0.794
1629048,Goga Bitadze,1610612753,ORL,25.0,Goga,175,241,0.726,28,58,0.483,1.0,12.0,0.083,0.0,1.0,0.0,0.0,5.0,0.0,3,21,0.143,0.0,1.0,0.0,0.0,6.0,0.0,207.0,3.0,0.845,0.014,0.859,339.0,28.0,0.711,0.083,0.794
1631128,Christian Braun,1610612743,DEN,24.0,Christian,306,428,0.715,65,130,0.5,16.0,39.0,0.41,20.0,46.0,0.435,6.0,28.0,0.214,63,149,0.423,0.0,1.0,0.0,26.0,74.0,0.351,476.0,89.0,0.643,0.187,0.83,821.0,224.0,0.521,0.273,0.794
201145,Jeff Green,1610612745,HOU,38.0,Jeff,13,17,0.765,9,13,0.692,10.0,12.0,0.833,7.0,22.0,0.318,9.0,21.0,0.429,13,36,0.361,0.0,0.0,0.0,16.0,43.0,0.372,61.0,29.0,0.213,0.475,0.688,121.0,79.0,0.14,0.653,0.793
201599,DeAndre Jordan,1610612743,DEN,36.0,DeAndre,80,111,0.721,10,28,0.357,1.0,1.0,1.0,0.0,0.0,0.0,0.0,0.0,0.0,0,0,0.0,0.0,0.0,0.0,0.0,0.0,0.0,91.0,0.0,0.879,0.0,0.879,140.0,0.0,0.793,0.0,0.793
1631107,Nikola Jović,1610612748,MIA,22.0,Nikola,61,89,0.685,26,60,0.433,7.0,18.0,0.389,20.0,37.0,0.541,18.0,43.0,0.419,40,130,0.308,0.0,0.0,0.0,38.0,80.0,0.475,172.0,78.0,0.355,0.453,0.808,377.0,210.0,0.236,0.557,0.793
1629655,Daniel Gafford,1610612742,DAL,26.0,Daniel,237,319,0.743,44,81,0.543,2.0,3.0,0.667,0.0,0.0,0.0,0.0,0.0,0.0,0,0,0.0,0.0,0.0,0.0,0.0,0.0,0.0,283.0,0.0,0.837,0.0,0.837,403.0,0.0,0.792,0.0,0.792
1630541,Moses Moody,1610612744,GSW,23.0,Moses,82,113,0.726,33,87,0.379,5.0,31.0,0.161,27.0,61.0,0.443,28.0,67.0,0.418,71,209,0.34,0.0,0.0,0.0,55.0,128.0,0.43,246.0,126.0,0.333,0.512,0.845,568.0,337.0,0.199,0.593,0.792
1627780,Gary Payton II,1610612744,GSW,32.0,Gary,112,141,0.794,27,58,0.466,1.0,4.0,0.25,9.0,23.0,0.391,13.0,31.0,0.419,9,41,0.22,0.0,0.0,0.0,22.0,54.0,0.407,171.0,31.0,0.655,0.181,0.836,298.0,95.0,0.473,0.319,0.792
1630166,Deni Avdija,1610612757,POR,24.0,Deni,213,327,0.651,52,145,0.359,12.0,30.0,0.4,10.0,31.0,0.323,11.0,37.0,0.297,104,273,0.381,0.0,1.0,0.0,21.0,68.0,0.309,402.0,125.0,0.53,0.311,0.841,844.0,342.0,0.387,0.405,0.792
1629004,Svi Mykhailiuk,1610612762,UTA,28.0,Svi,20,36,0.556,18,41,0.439,10.0,22.0,0.455,10.0,32.0,0.313,8.0,19.0,0.421,52,150,0.347,0.0,2.0,0.0,18.0,51.0,0.353,118.0,70.0,0.169,0.593,0.762,302.0,203.0,0.119,0.672,0.791
1641794,Dillon Jones,1610612760,OKC,23.0,Dillon,25,42,0.595,9,23,0.391,1.0,5.0,0.2,3.0,10.0,0.3,0.0,4.0,0.0,13,49,0.265,0.0,0.0,0.0,3.0,14.0,0.214,51.0,16.0,0.49,0.314,0.804,133.0,63.0,0.316,0.474,0.79
1629656,Quentin Grimes,1610612755,PHI,25.0,Quentin,156,228,0.684,29,75,0.387,37.0,99.0,0.374,33.0,66.0,0.5,16.0,35.0,0.457,113,320,0.353,0.0,0.0,0.0,49.0,101.0,0.485,384.0,162.0,0.406,0.422,0.828,823.0,421.0,0.277,0.512,0.789
1642274,Yves Missi,1610612740,NOP,21.0,Yves,227,385,0.59,38,97,0.392,4.0,9.0,0.444,0.0,0.0,0.0,0.0,0.0,0.0,0,0,0.0,0.0,1.0,0.0,0.0,0.0,0.0,269.0,0.0,0.844,0.0,0.844,492.0,1.0,0.783,0.002,0.785
1629022,Lonnie Walker IV,1610612755,PHI,26.0,Lonnie,24,39,0.615,12,26,0.462,8.0,20.0,0.4,1.0,9.0,0.111,5.0,10.0,0.5,39,105,0.371,0.0,3.0,0.0,6.0,19.0,0.316,89.0,45.0,0.27,0.506,0.776,212.0,127.0,0.184,0.599,0.783
1641740,Jaylen Clark,1610612750,MIN,23.0,Jaylen,22,43,0.512,11,22,0.5,1.0,4.0,0.25,9.0,17.0,0.529,3.0,12.0,0.25,10,20,0.5,0.0,2.0,0.0,12.0,29.0,0.414,56.0,22.0,0.393,0.393,0.786,120.0,51.0,0.358,0.425,0.783
201144,Mike Conley,1610612750,MIN,37.0,Mike,30,56,0.536,25,75,0.333,5.0,27.0,0.185,19.0,40.0,0.475,25.0,48.0,0.521,83,221,0.376,0.0,1.0,0.0,44.0,88.0,0.5,187.0,127.0,0.16,0.679,0.839,468.0,310.0,0.12,0.662,0.782
1641748,Andre Jackson Jr.,1610612749,MIL,23.0,Andre,51,78,0.654,8,33,0.242,5.0,10.0,0.5,6.0,17.0,0.353,10.0,26.0,0.385,14,33,0.424,0.0,0.0,0.0,16.0,43.0,0.372,94.0,30.0,0.543,0.319,0.862,197.0,76.0,0.396,0.386,0.782
1628404,Josh Hart,1610612752,NYK,30.0,Josh,246,348,0.707,50,117,0.427,24.0,52.0,0.462,10.0,35.0,0.286,10.0,31.0,0.323,64,186,0.344,0.0,1.0,0.0,20.0,66.0,0.303,404.0,84.0,0.609,0.208,0.817,770.0,253.0,0.452,0.329,0.781
1642258,Zaccharie Risacher,1610612737,ATL,20.0,Zaccharie,163,263,0.62,56,131,0.427,16.0,41.0,0.39,34.0,73.0,0.466,30.0,73.0,0.411,58,198,0.293,0.0,0.0,0.0,64.0,146.0,0.438,357.0,122.0,0.457,0.342,0.799,779.0,344.0,0.338,0.442,0.78
1629632,Coby White,1610612741,CHI,25.0,Coby,185,289,0.64,72,157,0.459,35.0,91.0,0.385,23.0,54.0,0.426,8.0,27.0,0.296,185,495,0.374,0.0,8.0,0.0,31.0,81.0,0.383,508.0,216.0,0.364,0.425,0.789,1121.0,584.0,0.258,0.521,0.779
1630174,Aaron Nesmith,1610612754,IND,25.0,Aaron,68,100,0.68,25,51,0.49,15.0,33.0,0.455,16.0,36.0,0.444,23.0,42.0,0.548,45,117,0.385,0.0,0.0,0.0,39.0,78.0,0.5,192.0,84.0,0.354,0.438,0.792,379.0,195.0,0.264,0.515,0.779
203501,Tim Hardaway Jr.,1610612765,DET,33.0,Tim,50,73,0.685,27,62,0.435,31.0,88.0,0.352,18.0,43.0,0.419,25.0,70.0,0.357,125,344,0.363,0.0,0.0,0.0,43.0,113.0,0.381,276.0,168.0,0.181,0.609,0.79,680.0,457.0,0.107,0.672,0.779
203932,Aaron Gordon,1610612743,DEN,29.0,Aaron,139,215,0.647,24,58,0.414,26.0,52.0,0.5,17.0,38.0,0.447,14.0,27.0,0.519,44,106,0.415,0.0,1.0,0.0,31.0,65.0,0.477,264.0,75.0,0.527,0.284,0.811,497.0,172.0,0.433,0.346,0.779
1629006,Josh Okogie,1610612766,CHA,26.0,Josh,48,73,0.658,12,39,0.308,2.0,8.0,0.25,9.0,27.0,0.333,10.0,22.0,0.455,13,43,0.302,0.0,0.0,0.0,19.0,49.0,0.388,94.0,32.0,0.511,0.34,0.851,212.0,92.0,0.344,0.434,0.778
1629640,Keldon Johnson,1610612759,SAS,25.0,Keldon,216,324,0.667,67,162,0.414,1.0,10.0,0.1,9.0,47.0,0.191,18.0,52.0,0.346,60,175,0.343,0.0,0.0,0.0,27.0,99.0,0.273,371.0,87.0,0.582,0.235,0.817,770.0,274.0,0.421,0.356,0.777
1631213,Tyrese Martin,1610612751,BKN,26.0,Tyrese,55,79,0.696,25,77,0.325,10.0,27.0,0.37,18.0,46.0,0.391,18.0,46.0,0.391,63,188,0.335,0.0,2.0,0.0,36.0,92.0,0.391,189.0,99.0,0.291,0.524,0.815,465.0,282.0,0.17,0.606,0.776
1630530,Trey Murphy III,1610612740,NOP,25.0,Trey,149,212,0.703,58,144,0.403,16.0,45.0,0.356,21.0,41.0,0.512,13.0,32.0,0.406,124,364,0.341,0.0,1.0,0.0,34.0,73.0,0.466,381.0,158.0,0.391,0.415,0.806,839.0,438.0,0.253,0.522,0.775
1630548,Johnny Juzang,1610612762,UTA,24.0,Johnny,36,54,0.667,34,74,0.459,16.0,33.0,0.485,23.0,61.0,0.377,30.0,68.0,0.441,65,185,0.351,0.0,0.0,0.0,53.0,129.0,0.411,204.0,118.0,0.176,0.578,0.754,475.0,314.0,0.114,0.661,0.775
1630558,Davion Mitchell,1610612748,MIA,26.0,Davion,93,158,0.589,39,82,0.476,7.0,25.0,0.28,9.0,27.0,0.333,9.0,16.0,0.563,66,164,0.402,0.0,4.0,0.0,18.0,43.0,0.419,223.0,84.0,0.417,0.377,0.794,476.0,211.0,0.332,0.443,0.775
1629026,Kenrich Williams,1610612760,OKC,30.0,Kenrich,71,103,0.689,24,49,0.49,10.0,31.0,0.323,10.0,24.0,0.417,9.0,22.0,0.409,47,125,0.376,0.0,0.0,0.0,19.0,46.0,0.413,171.0,66.0,0.415,0.386,0.801,354.0,171.0,0.291,0.483,0.774
1631212,Peyton Watson,1610612743,DEN,22.0,Peyton,124,195,0.636,29,80,0.363,3.0,17.0,0.176,22.0,49.0,0.449,12.0,27.0,0.444,14,59,0.237,0.0,1.0,0.0,34.0,76.0,0.447,204.0,48.0,0.608,0.235,0.843,428.0,136.0,0.456,0.318,0.774
1628374,Lauri Markkanen,1610612762,UTA,28.0,Lauri,90,141,0.638,54,117,0.462,14.0,43.0,0.326,16.0,39.0,0.41,14.0,34.0,0.412,108,325,0.332,0.0,1.0,0.0,30.0,73.0,0.411,296.0,138.0,0.304,0.466,0.77,700.0,399.0,0.201,0.57,0.771
1629661,Cameron Johnson,1610612751,BKN,29.0,Cameron,120,168,0.714,43,92,0.467,33.0,79.0,0.418,22.0,54.0,0.407,18.0,39.0,0.462,119,315,0.378,0.0,0.0,0.0,40.0,93.0,0.43,355.0,159.0,0.338,0.448,0.786,747.0,408.0,0.225,0.546,0.771
203924,Jerami Grant,1610612757,POR,31.0,Jerami,68,147,0.463,18,76,0.237,20.0,56.0,0.357,15.0,39.0,0.385,28.0,76.0,0.368,65,180,0.361,0.0,0.0,0.0,43.0,115.0,0.374,214.0,108.0,0.318,0.505,0.823,574.0,295.0,0.256,0.514,0.77
201950,Jrue Holiday,1610612738,BOS,35.0,Jrue,93,132,0.705,35,95,0.368,18.0,40.0,0.45,18.0,60.0,0.3,13.0,42.0,0.31,77,204,0.377,0.0,0.0,0.0,31.0,102.0,0.304,254.0,108.0,0.366,0.425,0.791,573.0,306.0,0.23,0.534,0.764
1630168,Onyeka Okongwu,1610612737,ATL,24.0,Onyeka,263,375,0.701,74,156,0.474,3.0,5.0,0.6,7.0,15.0,0.467,21.0,66.0,0.318,20,66,0.303,0.0,1.0,0.0,28.0,81.0,0.346,388.0,48.0,0.678,0.124,0.802,684.0,148.0,0.548,0.216,0.764
1630172,Patrick Williams,1610612741,CHI,23.0,Patrick,61,122,0.5,35,79,0.443,13.0,43.0,0.302,12.0,28.0,0.429,11.0,33.0,0.333,73,211,0.346,0.0,0.0,0.0,23.0,61.0,0.377,205.0,96.0,0.298,0.468,0.766,516.0,272.0,0.236,0.527,0.763
1641713,GG Jackson,1610612763,MEM,20.0,GG,27,57,0.474,12,42,0.286,3.0,5.0,0.6,5.0,17.0,0.294,3.0,10.0,0.3,24,68,0.353,0.0,0.0,0.0,8.0,27.0,0.296,74.0,32.0,0.365,0.432,0.797,199.0,95.0,0.286,0.477,0.763
1630556,Kessler Edwards,1610612742,DAL,24.0,Kessler,32,49,0.653,12,27,0.444,1.0,5.0,0.2,6.0,17.0,0.353,4.0,11.0,0.364,12,26,0.462,0.0,0.0,0.0,10.0,28.0,0.357,67.0,22.0,0.478,0.328,0.806,135.0,54.0,0.363,0.4,0.763
1628380,Zach Collins,1610612741,CHI,27.0,Zach,87,123,0.707,31,66,0.47,3.0,6.0,0.5,4.0,11.0,0.364,3.0,14.0,0.214,25,81,0.309,0.0,1.0,0.0,7.0,25.0,0.28,153.0,32.0,0.569,0.209,0.778,302.0,107.0,0.407,0.354,0.761
1642346,Ryan Dunn,1610612756,PHX,22.0,Ryan,70,99,0.707,49,102,0.48,4.0,12.0,0.333,25.0,73.0,0.342,26.0,81.0,0.321,31,110,0.282,0.0,0.0,0.0,51.0,154.0,0.331,205.0,82.0,0.341,0.4,0.741,477.0,264.0,0.208,0.553,0.761
1641783,Tristan da Silva,1610612753,ORL,24.0,Tristan,75,128,0.586,35,88,0.398,9.0,28.0,0.321,15.0,44.0,0.341,20.0,53.0,0.377,45,141,0.319,0.0,1.0,0.0,35.0,97.0,0.361,199.0,80.0,0.377,0.402,0.779,483.0,239.0,0.265,0.495,0.76
1631106,Tari Eason,1610612745,HOU,24.0,Tari,161,241,0.668,40,108,0.37,8.0,26.0,0.308,9.0,26.0,0.346,17.0,45.0,0.378,37,112,0.33,0.0,1.0,0.0,26.0,71.0,0.366,272.0,63.0,0.592,0.232,0.824,559.0,184.0,0.431,0.329,0.76
1631255,Karlo Matković,1610612740,NOP,24.0,Karlo,85,112,0.759,26,50,0.52,3.0,7.0,0.429,5.0,15.0,0.333,8.0,21.0,0.381,8,30,0.267,0.0,0.0,0.0,13.0,36.0,0.361,135.0,21.0,0.63,0.156,0.786,235.0,66.0,0.477,0.281,0.758
1641715,Cam Whitmore,1610612745,HOU,20.0,Cam,77,122,0.631,23,66,0.348,14.0,32.0,0.438,8.0,21.0,0.381,9.0,21.0,0.429,48,141,0.34,0.0,0.0,0.0,17.0,42.0,0.405,179.0,65.0,0.43,0.363,0.793,403.0,183.0,0.303,0.454,0.757
1628988,Aaron Holiday,1610612745,HOU,28.0,Aaron,16,22,0.727,18,43,0.419,11.0,22.0,0.5,13.0,24.0,0.542,4.0,12.0,0.333,55,144,0.382,0.0,1.0,0.0,17.0,36.0,0.472,117.0,72.0,0.137,0.615,0.752,268.0,181.0,0.082,0.675,0.757
1630625,Dalano Banton,1610612757,POR,25.0,Dalano,89,161,0.553,28,95,0.295,9.0,29.0,0.31,8.0,22.0,0.364,11.0,26.0,0.423,53,172,0.308,0.0,2.0,0.0,19.0,48.0,0.396,198.0,72.0,0.449,0.364,0.813,507.0,222.0,0.318,0.438,0.756
1631246,Vince Williams Jr.,1610612763,MEM,24.0,Vince,19,31,0.613,18,34,0.529,4.0,7.0,0.571,8.0,17.0,0.471,4.0,12.0,0.333,14,65,0.215,0.0,1.0,0.0,12.0,29.0,0.414,67.0,26.0,0.284,0.388,0.672,167.0,95.0,0.186,0.569,0.755
1642266,Ja'Kobe Walter,1610612761,TOR,20.0,Ja'Kobe,53,111,0.477,28,66,0.424,13.0,30.0,0.433,11.0,39.0,0.282,8.0,19.0,0.421,46,126,0.365,0.0,2.0,0.0,19.0,58.0,0.328,159.0,65.0,0.333,0.409,0.742,393.0,186.0,0.282,0.473,0.755
1629060,Rui Hachimura,1610612747,LAL,27.0,Rui,134,188,0.713,37,97,0.381,20.0,44.0,0.455,22.0,57.0,0.386,27.0,53.0,0.509,53,137,0.387,0.0,0.0,0.0,49.0,110.0,0.445,293.0,102.0,0.457,0.348,0.805,576.0,247.0,0.326,0.429,0.755
1631111,Wendell Moore Jr.,1610612766,CHA,23.0,Wendell,33,54,0.611,8,20,0.4,4.0,11.0,0.364,5.0,10.0,0.5,4.0,12.0,0.333,5,19,0.263,0.0,0.0,0.0,9.0,22.0,0.409,59.0,14.0,0.559,0.237,0.796,126.0,41.0,0.429,0.325,0.754
1641717,Cason Wallace,1610612760,OKC,21.0,Cason,106,161,0.658,45,97,0.464,7.0,23.0,0.304,19.0,58.0,0.328,13.0,38.0,0.342,42,112,0.375,0.0,0.0,0.0,32.0,96.0,0.333,232.0,74.0,0.457,0.319,0.776,489.0,208.0,0.329,0.425,0.754
201939,Stephen Curry,1610612744,GSW,37.0,Stephen,104,162,0.642,84,182,0.462,65.0,130.0,0.5,24.0,55.0,0.436,17.0,30.0,0.567,269,693,0.388,1.0,6.0,0.167,41.0,85.0,0.482,564.0,311.0,0.184,0.551,0.735,1258.0,784.0,0.129,0.623,0.752
1628998,Cody Martin,1610612756,PHX,29.0,Cody,64,93,0.688,11,36,0.306,18.0,45.0,0.4,14.0,41.0,0.341,9.0,40.0,0.225,20,70,0.286,0.0,0.0,0.0,23.0,81.0,0.284,136.0,43.0,0.471,0.316,0.787,325.0,151.0,0.286,0.465,0.751
1630529,Herbert Jones,1610612740,NOP,26.0,Herbert,35,57,0.614,11,33,0.333,7.0,10.0,0.7,9.0,21.0,0.429,5.0,16.0,0.313,8,34,0.235,0.0,1.0,0.0,14.0,37.0,0.378,75.0,22.0,0.467,0.293,0.76,172.0,72.0,0.331,0.419,0.75
1642377,Jaylen Wells,1610612763,MEM,21.0,Jaylen,79,114,0.693,43,104,0.413,27.0,66.0,0.409,35.0,100.0,0.35,21.0,54.0,0.389,82,238,0.345,0.0,0.0,0.0,56.0,154.0,0.364,287.0,138.0,0.275,0.481,0.756,676.0,392.0,0.169,0.58,0.749
1642348,Justin Edwards,1610612755,PHI,21.0,Justin,59,93,0.634,27,57,0.474,17.0,38.0,0.447,11.0,33.0,0.333,9.0,17.0,0.529,49,140,0.35,0.0,0.0,0.0,20.0,50.0,0.4,172.0,69.0,0.343,0.401,0.744,378.0,190.0,0.246,0.503,0.749
1641711,Gradey Dick,1610612761,TOR,21.0,Gradey,83,158,0.525,30,73,0.411,38.0,90.0,0.422,12.0,42.0,0.286,18.0,46.0,0.391,84,237,0.354,0.0,1.0,0.0,30.0,88.0,0.341,265.0,114.0,0.313,0.43,0.743,647.0,326.0,0.244,0.504,0.748
1629018,Gary Trent Jr.,1610612749,MIL,26.0,Gary,31,58,0.534,36,76,0.474,36.0,90.0,0.4,29.0,62.0,0.468,22.0,45.0,0.489,129,326,0.396,0.0,0.0,0.0,51.0,107.0,0.477,283.0,180.0,0.11,0.636,0.746,657.0,433.0,0.088,0.659,0.747
1641741,Ricky Council IV,1610612755,PHI,23.0,Ricky,80,133,0.602,34,94,0.362,8.0,23.0,0.348,11.0,23.0,0.478,7.0,21.0,0.333,37,165,0.224,0.0,4.0,0.0,18.0,44.0,0.409,177.0,55.0,0.452,0.311,0.763,463.0,213.0,0.287,0.46,0.747
1631222,Jake LaRavia,1610612758,SAC,23.0,Jake,74,110,0.673,23,75,0.307,3.0,10.0,0.3,8.0,21.0,0.381,6.0,17.0,0.353,45,102,0.441,1.0,2.0,0.5,14.0,38.0,0.368,160.0,60.0,0.462,0.375,0.837,337.0,142.0,0.326,0.421,0.747
203484,Kentavious Caldwell-Pope,1610612763,MEM,32.0,Kentavious,56,76,0.737,15,34,0.441,55.0,104.0,0.529,20.0,67.0,0.299,21.0,52.0,0.404,72,211,0.341,0.0,0.0,0.0,41.0,119.0,0.345,239.0,113.0,0.234,0.473,0.707,544.0,330.0,0.14,0.607,0.747
1629008,Michael Porter Jr.,1610612743,DEN,27.0,Michael,216,293,0.737,65,134,0.485,54.0,132.0,0.409,17.0,31.0,0.548,15.0,32.0,0.469,161,418,0.385,0.0,8.0,0.0,32.0,63.0,0.508,528.0,193.0,0.409,0.366,0.775,1048.0,489.0,0.28,0.467,0.747
1631288,Jamal Cain,1610612740,NOP,26.0,Jamal,25,38,0.658,15,32,0.469,2.0,8.0,0.25,6.0,20.0,0.3,6.0,19.0,0.316,14,41,0.341,0.0,0.0,0.0,12.0,39.0,0.308,68.0,26.0,0.368,0.382,0.75,158.0,80.0,0.241,0.506,0.747
1630191,Isaiah Stewart,1610612765,DET,24.0,Isaiah,124,182,0.681,32,73,0.438,3.0,7.0,0.429,1.0,6.0,0.167,2.0,3.0,0.667,14,44,0.318,0.0,0.0,0.0,3.0,9.0,0.333,176.0,17.0,0.705,0.097,0.802,315.0,53.0,0.578,0.168,0.746
1630631,Jose Alvarado,1610612740,NOP,27.0,Jose,43,79,0.544,41,112,0.366,9.0,21.0,0.429,12.0,25.0,0.48,11.0,39.0,0.282,88,244,0.361,0.0,1.0,0.0,23.0,64.0,0.359,204.0,111.0,0.211,0.544,0.755,521.0,309.0,0.152,0.593,0.745
1630314,Brandon Williams,1610612742,DAL,25.0,Brandon,51,80,0.638,15,33,0.455,8.0,15.0,0.533,2.0,5.0,0.4,4.0,8.0,0.5,18,45,0.4,0.0,2.0,0.0,6.0,13.0,0.462,98.0,24.0,0.52,0.245,0.765,188.0,60.0,0.426,0.319,0.745
1630583,Santi Aldama,1610612763,MEM,24.0,Santi,114,156,0.731,66,134,0.493,13.0,32.0,0.406,22.0,52.0,0.423,14.0,38.0,0.368,84,232,0.362,0.0,4.0,0.0,36.0,90.0,0.4,313.0,120.0,0.364,0.383,0.747,648.0,326.0,0.241,0.503,0.744
1626166,Cameron Payne,1610612752,NYK,30.0,Cameron,36,76,0.474,41,86,0.477,9.0,28.0,0.321,4.0,11.0,0.364,5.0,17.0,0.294,84,228,0.368,0.0,0.0,0.0,9.0,28.0,0.321,179.0,93.0,0.201,0.52,0.721,446.0,256.0,0.17,0.574,0.744
1631223,David Roddy,1610612745,HOU,24.0,David,21,32,0.656,17,32,0.531,0.0,0.0,0.0,3.0,7.0,0.429,4.0,10.0,0.4,12,44,0.273,0.0,0.0,0.0,7.0,17.0,0.412,57.0,19.0,0.368,0.333,0.701,125.0,61.0,0.256,0.488,0.744
1629675,Naz Reid,1610612750,MIN,25.0,Naz,147,223,0.659,92,210,0.438,12.0,28.0,0.429,25.0,63.0,0.397,17.0,48.0,0.354,133,349,0.381,0.0,2.0,0.0,42.0,111.0,0.378,426.0,175.0,0.345,0.411,0.756,923.0,462.0,0.242,0.501,0.743
1641842,Ronald Holland II,1610612765,DET,19.0,Ronald,105,158,0.665,49,88,0.557,7.0,19.0,0.368,6.0,28.0,0.214,9.0,47.0,0.191,21,73,0.288,0.0,3.0,0.0,15.0,75.0,0.2,197.0,36.0,0.533,0.183,0.716,416.0,151.0,0.38,0.363,0.743
1641854,Craig Porter Jr.,1610612739,CLE,25.0,Craig,37,56,0.661,11,24,0.458,3.0,12.0,0.25,2.0,7.0,0.286,3.0,6.0,0.5,15,33,0.455,1.0,2.0,0.5,5.0,13.0,0.385,72.0,21.0,0.514,0.292,0.806,140.0,48.0,0.4,0.343,0.743
1641810,Antonio Reeves,1610612740,NOP,24.0,Antonio,32,55,0.582,22,43,0.512,8.0,21.0,0.381,7.0,25.0,0.28,9.0,22.0,0.409,35,81,0.432,0.0,1.0,0.0,16.0,47.0,0.34,113.0,51.0,0.283,0.451,0.734,248.0,129.0,0.222,0.52,0.742
1630549,Day'Ron Sharpe,1610612751,BKN,23.0,Day'Ron,118,190,0.621,28,69,0.406,8.0,13.0,0.615,1.0,4.0,0.25,4.0,9.0,0.444,6,32,0.188,0.0,0.0,0.0,5.0,13.0,0.385,165.0,11.0,0.715,0.067,0.782,317.0,45.0,0.599,0.142,0.741
1641721,Maxwell Lewis,1610612751,BKN,22.0,Maxwell,19,30,0.633,6,21,0.286,1.0,7.0,0.143,4.0,13.0,0.308,3.0,7.0,0.429,12,30,0.4,0.0,0.0,0.0,7.0,20.0,0.35,45.0,19.0,0.422,0.422,0.844,108.0,50.0,0.278,0.463,0.741
1642272,Jared McCain,1610612755,PHI,21.0,Jared,41,70,0.586,25,53,0.472,9.0,18.0,0.5,5.0,17.0,0.294,5.0,13.0,0.385,41,103,0.398,0.0,0.0,0.0,10.0,30.0,0.333,126.0,51.0,0.325,0.405,0.73,274.0,133.0,0.255,0.485,0.74
201572,Brook Lopez,1610612749,MIL,37.0,Brook,155,199,0.779,72,140,0.514,28.0,62.0,0.452,7.0,16.0,0.438,15.0,23.0,0.652,117,334,0.35,0.0,0.0,0.0,22.0,39.0,0.564,394.0,139.0,0.393,0.353,0.746,774.0,373.0,0.257,0.482,0.739
1641716,Jarace Walker,1610612754,IND,21.0,Jarace,46,81,0.568,36,65,0.554,13.0,29.0,0.448,9.0,23.0,0.391,10.0,23.0,0.435,56,138,0.406,0.0,1.0,0.0,19.0,46.0,0.413,170.0,75.0,0.271,0.441,0.712,360.0,185.0,0.225,0.514,0.739
201566,Russell Westbrook,1610612743,DEN,36.0,Russell,208,323,0.644,48,136,0.353,23.0,81.0,0.284,18.0,50.0,0.36,27.0,56.0,0.482,49,184,0.266,0.0,1.0,0.0,45.0,106.0,0.425,373.0,94.0,0.558,0.252,0.81,831.0,291.0,0.389,0.35,0.739
1631099,Keegan Murray,1610612758,SAC,24.0,Keegan,120,155,0.774,66,152,0.434,24.0,64.0,0.375,34.0,81.0,0.42,17.0,54.0,0.315,103,313,0.329,0.0,1.0,0.0,51.0,135.0,0.378,364.0,154.0,0.33,0.423,0.753,820.0,449.0,0.189,0.548,0.737
1642276,Kel'el Ware,1610612748,MIA,21.0,Kel'el,162,231,0.701,48,92,0.522,12.0,30.0,0.4,3.0,13.0,0.231,1.0,8.0,0.125,31,88,0.352,0.0,2.0,0.0,4.0,21.0,0.19,257.0,35.0,0.63,0.136,0.766,464.0,111.0,0.498,0.239,0.737
1630540,Miles McBride,1610612752,NYK,24.0,Miles,46,91,0.505,18,57,0.316,43.0,87.0,0.494,21.0,51.0,0.412,13.0,40.0,0.325,81,218,0.372,0.0,3.0,0.0,34.0,91.0,0.374,222.0,115.0,0.207,0.518,0.725,547.0,312.0,0.166,0.57,0.736
1628963,Marvin Bagley III,1610612763,MEM,26.0,Marvin,42,59,0.712,8,23,0.348,2.0,5.0,0.4,1.0,4.0,0.25,0.0,2.0,0.0,2,13,0.154,0.0,0.0,0.0,1.0,6.0,0.167,55.0,3.0,0.764,0.055,0.819,106.0,19.0,0.557,0.179,0.736
1631124,Julian Strawther,1610612743,DEN,23.0,Julian,58,89,0.652,48,104,0.462,10.0,24.0,0.417,14.0,26.0,0.538,7.0,16.0,0.438,73,227,0.322,0.0,0.0,0.0,21.0,42.0,0.5,210.0,94.0,0.276,0.448,0.724,486.0,269.0,0.183,0.553,0.736
1631217,Moussa Diabaté,1610612766,CHA,23.0,Moussa,132,200,0.66,33,71,0.465,2.0,3.0,0.667,0.0,1.0,0.0,0.0,1.0,0.0,0,4,0.0,0.0,0.0,0.0,0.0,2.0,0.0,167.0,0.0,0.79,0.0,0.79,280.0,6.0,0.714,0.021,0.735
203083,Andre Drummond,1610612755,PHI,31.0,Andre,90,152,0.592,20,53,0.377,4.0,9.0,0.444,2.0,5.0,0.4,0.0,3.0,0.0,1,10,0.1,0.0,2.0,0.0,2.0,8.0,0.25,117.0,3.0,0.769,0.026,0.795,234.0,20.0,0.65,0.085,0.735
1630703,Scoot Henderson,1610612757,POR,21.0,Scoot,114,206,0.553,44,118,0.373,24.0,64.0,0.375,10.0,23.0,0.435,8.0,22.0,0.364,86,248,0.347,1.0,4.0,0.25,18.0,45.0,0.4,287.0,105.0,0.397,0.366,0.763,685.0,297.0,0.301,0.434,0.735
1630539,Kai Jones,1610612742,DAL,24.0,Kai,71,75,0.947,12,21,0.571,3.0,8.0,0.375,0.0,1.0,0.0,0.0,0.0,0.0,1,4,0.25,0.0,0.0,0.0,0.0,1.0,0.0,87.0,1.0,0.816,0.011,0.827,109.0,5.0,0.688,0.046,0.734
203110,Draymond Green,1610612744,GSW,35.0,Draymond,74,127,0.583,51,114,0.447,11.0,22.0,0.5,10.0,52.0,0.192,24.0,49.0,0.49,46,144,0.319,0.0,1.0,0.0,34.0,101.0,0.337,216.0,80.0,0.343,0.37,0.713,509.0,246.0,0.25,0.483,0.733
1642281,Jaylon Tyson,1610612739,CLE,22.0,Jaylon,28,51,0.549,13,31,0.419,3.0,9.0,0.333,1.0,13.0,0.077,8.0,14.0,0.571,11,31,0.355,0.0,0.0,0.0,9.0,27.0,0.333,64.0,20.0,0.438,0.312,0.75,149.0,58.0,0.342,0.389,0.731
1630596,Evan Mobley,1610612739,CLE,24.0,Evan,329,432,0.762,83,210,0.395,8.0,34.0,0.235,9.0,24.0,0.375,11.0,24.0,0.458,65,181,0.359,0.0,1.0,0.0,20.0,48.0,0.417,505.0,85.0,0.651,0.168,0.819,906.0,230.0,0.477,0.254,0.731
203081,Damian Lillard,1610612749,MIL,34.0,Damian,122,201,0.607,46,102,0.451,79.0,165.0,0.479,9.0,20.0,0.45,8.0,22.0,0.364,180,478,0.377,0.0,4.0,0.0,17.0,42.0,0.405,444.0,197.0,0.275,0.444,0.719,992.0,524.0,0.203,0.528,0.731
1628369,Jayson Tatum,1610612738,BOS,27.0,Jayson,246,342,0.719,82,183,0.448,84.0,212.0,0.396,13.0,34.0,0.382,7.0,11.0,0.636,230,683,0.337,0.0,0.0,0.0,20.0,45.0,0.444,662.0,250.0,0.372,0.378,0.75,1465.0,728.0,0.233,0.497,0.73
1627832,Fred VanVleet,1610612745,HOU,31.0,Fred,46,93,0.495,34,86,0.395,48.0,119.0,0.403,8.0,28.0,0.286,8.0,21.0,0.381,143,404,0.354,0.0,8.0,0.0,16.0,49.0,0.327,287.0,159.0,0.16,0.554,0.714,759.0,461.0,0.123,0.607,0.73
1630178,Tyrese Maxey,1610612755,PHI,24.0,Tyrese,188,319,0.589,86,198,0.434,42.0,96.0,0.438,6.0,18.0,0.333,8.0,27.0,0.296,147,430,0.342,0.0,3.0,0.0,14.0,45.0,0.311,477.0,161.0,0.394,0.338,0.732,1091.0,478.0,0.292,0.438,0.73
1641736,Reece Beekman,1610612751,BKN,23.0,Reece,21,38,0.553,6,24,0.25,1.0,5.0,0.2,2.0,9.0,0.222,2.0,7.0,0.286,3,24,0.125,0.0,0.0,0.0,4.0,16.0,0.25,35.0,7.0,0.6,0.2,0.8,107.0,40.0,0.355,0.374,0.729
1641706,Brandon Miller,1610612766,CHA,22.0,Brandon,44,65,0.677,37,90,0.411,13.0,43.0,0.302,5.0,20.0,0.25,3.0,6.0,0.5,96,263,0.365,0.0,4.0,0.0,8.0,26.0,0.308,198.0,104.0,0.222,0.525,0.747,491.0,293.0,0.132,0.597,0.729
1629674,Neemias Queta,1610612738,BOS,25.0,Neemias,103,145,0.71,26,51,0.51,3.0,4.0,0.75,0.0,0.0,0.0,0.0,1.0,0.0,0,1,0.0,0.0,1.0,0.0,0.0,1.0,0.0,132.0,0.0,0.78,0.0,0.78,203.0,3.0,0.714,0.015,0.729
1631221,Collin Gillespie,1610612756,PHX,26.0,Collin,12,25,0.48,12,32,0.375,5.0,11.0,0.455,7.0,13.0,0.538,4.0,8.0,0.5,28,67,0.418,0.0,2.0,0.0,11.0,21.0,0.524,68.0,39.0,0.176,0.574,0.75,158.0,90.0,0.158,0.57,0.728
203486,Mason Plumlee,1610612756,PHX,35.0,Mason,109,143,0.762,16,50,0.32,0.0,5.0,0.0,0.0,2.0,0.0,0.0,0.0,0.0,0,1,0.0,0.0,1.0,0.0,0.0,2.0,0.0,125.0,0.0,0.872,0.0,0.872,202.0,4.0,0.708,0.02,0.728
1630162,Anthony Edwards,1610612750,MIN,23.0,Anthony,230,363,0.634,92,228,0.404,79.0,210.0,0.376,26.0,61.0,0.426,17.0,39.0,0.436,277,701,0.395,0.0,10.0,0.0,43.0,100.0,0.43,721.0,320.0,0.319,0.444,0.763,1612.0,811.0,0.225,0.503,0.728
1626158,Richaun Holmes,1610612764,WAS,31.0,Richaun,73,98,0.745,17,36,0.472,0.0,2.0,0.0,0.0,1.0,0.0,0.0,1.0,0.0,0,1,0.0,0.0,0.0,0.0,0.0,2.0,0.0,90.0,0.0,0.811,0.0,0.811,139.0,3.0,0.705,0.022,0.727
1642271,Kyle Filipowski,1610612762,UTA,21.0,Kyle,104,156,0.667,74,132,0.561,5.0,10.0,0.5,14.0,34.0,0.412,15.0,43.0,0.349,48,142,0.338,0.0,1.0,0.0,29.0,77.0,0.377,260.0,77.0,0.4,0.296,0.696,518.0,220.0,0.301,0.425,0.726
1641729,Brice Sensabaugh,1610612762,UTA,21.0,Brice,39,62,0.629,55,113,0.487,24.0,52.0,0.462,33.0,66.0,0.5,28.0,55.0,0.509,96,250,0.384,0.0,1.0,0.0,61.0,121.0,0.504,275.0,157.0,0.142,0.571,0.713,599.0,372.0,0.104,0.621,0.725
203992,Bogdan Bogdanović,1610612746,LAC,32.0,Bogdan,37,68,0.544,43,82,0.524,25.0,53.0,0.472,11.0,30.0,0.367,12.0,32.0,0.375,82,226,0.363,0.0,1.0,0.0,23.0,62.0,0.371,210.0,105.0,0.176,0.5,0.676,492.0,289.0,0.138,0.587,0.725
1642367,Jonathan Mogbo,1610612761,TOR,23.0,Jonathan,111,188,0.59,22,70,0.314,6.0,28.0,0.214,3.0,15.0,0.2,7.0,18.0,0.389,7,35,0.2,0.0,2.0,0.0,10.0,33.0,0.303,156.0,17.0,0.712,0.109,0.821,356.0,70.0,0.528,0.197,0.725
1641712,Rayan Rupert,1610612757,POR,21.0,Rayan,25,44,0.568,13,34,0.382,4.0,5.0,0.8,5.0,15.0,0.333,4.0,8.0,0.5,7,36,0.194,0.0,0.0,0.0,9.0,23.0,0.391,58.0,16.0,0.431,0.276,0.707,142.0,59.0,0.31,0.415,0.725
1641765,Olivier-Maxence Prosper,1610612742,DAL,22.0,Olivier-Maxence,45,75,0.6,11,38,0.289,2.0,10.0,0.2,3.0,14.0,0.214,6.0,21.0,0.286,3,16,0.188,0.0,0.0,0.0,9.0,35.0,0.257,70.0,12.0,0.643,0.171,0.814,174.0,51.0,0.431,0.293,0.724
203957,Danté Exum,1610612742,DAL,29.0,Danté,27,44,0.614,11,28,0.393,3.0,9.0,0.333,8.0,11.0,0.727,2.0,6.0,0.333,13,35,0.371,0.0,1.0,0.0,10.0,17.0,0.588,64.0,23.0,0.422,0.359,0.781,134.0,53.0,0.328,0.396,0.724
1629628,RJ Barrett,1610612761,TOR,25.0,RJ,245,403,0.608,91,233,0.391,17.0,40.0,0.425,12.0,32.0,0.375,17.0,39.0,0.436,78,234,0.333,0.0,1.0,0.0,29.0,71.0,0.408,460.0,107.0,0.533,0.233,0.766,982.0,306.0,0.41,0.312,0.722
1641709,Ausar Thompson,1610612765,DET,22.0,Ausar,190,282,0.674,41,117,0.35,4.0,12.0,0.333,3.0,13.0,0.231,4.0,13.0,0.308,4,19,0.211,0.0,4.0,0.0,7.0,26.0,0.269,246.0,11.0,0.772,0.045,0.817,460.0,49.0,0.613,0.107,0.72
1631218,Trayce Jackson-Davis,1610612744,GSW,25.0,Trayce,146,214,0.682,28,81,0.346,0.0,4.0,0.0,0.0,0.0,0.0,0.0,2.0,0.0,0,1,0.0,0.0,0.0,0.0,0.0,2.0,0.0,174.0,0.0,0.839,0.0,0.839,302.0,3.0,0.709,0.01,0.719
1626162,Kelly Oubre Jr.,1610612755,PHI,29.0,Kelly,193,290,0.666,74,183,0.404,10.0,26.0,0.385,14.0,40.0,0.35,16.0,45.0,0.356,41,157,0.261,0.0,0.0,0.0,30.0,85.0,0.353,348.0,71.0,0.555,0.204,0.759,741.0,242.0,0.391,0.327,0.718
203897,Zach LaVine,1610612758,SAC,30.0,Zach,235,343,0.685,66,131,0.504,85.0,213.0,0.399,26.0,50.0,0.52,18.0,44.0,0.409,195,442,0.441,0.0,0.0,0.0,44.0,94.0,0.468,625.0,239.0,0.376,0.382,0.758,1223.0,536.0,0.28,0.438,0.718
1631108,Max Christie,1610612742,DAL,22.0,Max,82,110,0.745,34,106,0.321,21.0,60.0,0.35,27.0,63.0,0.429,18.0,54.0,0.333,70,195,0.359,0.0,2.0,0.0,45.0,117.0,0.385,252.0,115.0,0.325,0.456,0.781,590.0,314.0,0.186,0.532,0.718
1627739,Kris Dunn,1610612746,LAC,31.0,Kris,62,89,0.697,50,112,0.446,5.0,12.0,0.417,19.0,55.0,0.345,20.0,57.0,0.351,36,111,0.324,0.0,1.0,0.0,39.0,112.0,0.348,192.0,75.0,0.323,0.391,0.714,437.0,224.0,0.204,0.513,0.717
1628379,Luke Kennard,1610612763,MEM,29.0,Luke,33,46,0.717,35,71,0.493,24.0,51.0,0.471,19.0,30.0,0.633,15.0,36.0,0.417,80,196,0.408,0.0,1.0,0.0,34.0,66.0,0.515,206.0,114.0,0.16,0.553,0.713,431.0,263.0,0.107,0.61,0.717
1626167,Myles Turner,1610612754,IND,29.0,Myles,130,187,0.695,64,157,0.408,40.0,73.0,0.548,9.0,15.0,0.6,19.0,41.0,0.463,128,338,0.379,0.0,0.0,0.0,28.0,56.0,0.5,390.0,156.0,0.333,0.4,0.733,811.0,394.0,0.231,0.486,0.717
1641757,Jordan Miller,1610612746,LAC,25.0,Jordan,33,58,0.569,16,33,0.485,1.0,5.0,0.2,1.0,9.0,0.111,1.0,4.0,0.25,6,25,0.24,0.0,0.0,0.0,2.0,13.0,0.154,58.0,8.0,0.569,0.138,0.707,134.0,38.0,0.433,0.284,0.717
1628970,Miles Bridges,1610612766,CHA,27.0,Miles,216,330,0.655,95,253,0.375,17.0,56.0,0.304,18.0,55.0,0.327,24.0,56.0,0.429,99,333,0.297,0.0,6.0,0.0,42.0,111.0,0.378,469.0,141.0,0.461,0.301,0.762,1089.0,450.0,0.303,0.413,0.716
1626181,Norman Powell,1610612746,LAC,32.0,Norman,160,246,0.65,90,194,0.464,28.0,77.0,0.364,13.0,35.0,0.371,13.0,31.0,0.419,153,359,0.426,0.0,3.0,0.0,26.0,66.0,0.394,457.0,179.0,0.35,0.392,0.742,945.0,428.0,0.26,0.453,0.713
202691,Klay Thompson,1610612742,DAL,35.0,Klay,48,71,0.676,29,85,0.341,68.0,168.0,0.405,17.0,57.0,0.298,43.0,99.0,0.434,156,397,0.393,0.0,0.0,0.0,60.0,156.0,0.385,361.0,216.0,0.133,0.598,0.731,877.0,553.0,0.081,0.631,0.712
1641705,Victor Wembanyama,1610612759,SAS,21.0,Victor,156,207,0.754,53,105,0.505,57.0,142.0,0.401,5.0,20.0,0.25,4.0,7.0,0.571,133,370,0.359,0.0,6.0,0.0,9.0,27.0,0.333,408.0,142.0,0.382,0.348,0.73,857.0,403.0,0.242,0.47,0.712
1626179,Terry Rozier,1610612748,MIA,31.0,Terry,82,144,0.569,47,120,0.392,28.0,63.0,0.444,24.0,84.0,0.286,14.0,55.0,0.255,53,165,0.321,0.0,4.0,0.0,38.0,139.0,0.273,248.0,91.0,0.331,0.367,0.698,635.0,308.0,0.227,0.485,0.712
203991,Clint Capela,1610612737,ATL,31.0,Clint,173,276,0.627,43,109,0.394,2.0,4.0,0.5,0.0,0.0,0.0,0.0,0.0,0.0,0,1,0.0,0.0,0.0,0.0,0.0,0.0,0.0,218.0,0.0,0.794,0.0,0.794,390.0,1.0,0.708,0.003,0.711
1631157,Ryan Rollins,1610612749,MIL,22.0,Ryan,48,72,0.667,22,47,0.468,13.0,32.0,0.406,16.0,31.0,0.516,9.0,21.0,0.429,24,68,0.353,0.0,0.0,0.0,25.0,52.0,0.481,132.0,49.0,0.364,0.371,0.735,271.0,120.0,0.266,0.443,0.709
1642264,Stephon Castle,1610612759,SAS,20.0,Stephon,230,367,0.627,64,187,0.342,34.0,101.0,0.337,5.0,16.0,0.313,12.0,34.0,0.353,78,279,0.28,0.0,4.0,0.0,17.0,50.0,0.34,423.0,95.0,0.544,0.225,0.769,988.0,333.0,0.371,0.337,0.708
1631095,Jabari Smith Jr.,1610612745,HOU,22.0,Jabari,80,124,0.645,43,90,0.478,27.0,75.0,0.36,9.0,21.0,0.429,14.0,44.0,0.318,75,212,0.354,0.0,0.0,0.0,23.0,65.0,0.354,248.0,98.0,0.323,0.395,0.718,566.0,277.0,0.219,0.489,0.708
1631230,Dominick Barlow,1610612737,ATL,22.0,Dominick,38,53,0.717,11,23,0.478,4.0,10.0,0.4,1.0,11.0,0.091,3.0,11.0,0.273,3,5,0.6,0.0,0.0,0.0,4.0,22.0,0.182,60.0,7.0,0.633,0.117,0.75,113.0,27.0,0.469,0.239,0.708
1627734,Domantas Sabonis,1610612758,SAC,29.0,Domantas,330,475,0.695,103,198,0.52,29.0,64.0,0.453,1.0,1.0,1.0,3.0,7.0,0.429,61,148,0.412,0.0,0.0,0.0,4.0,8.0,0.5,527.0,65.0,0.626,0.123,0.749,893.0,156.0,0.532,0.175,0.707
1628464,Daniel Theis,1610612740,NOP,33.0,Daniel,35,54,0.648,14,27,0.519,3.0,11.0,0.273,0.0,5.0,0.0,0.0,4.0,0.0,9,28,0.321,0.0,0.0,0.0,0.0,9.0,0.0,61.0,9.0,0.574,0.148,0.722,129.0,37.0,0.419,0.287,0.706
1630559,Austin Reaves,1610612747,LAL,27.0,Austin,139,201,0.692,112,241,0.465,26.0,64.0,0.406,15.0,39.0,0.385,17.0,30.0,0.567,168,455,0.369,0.0,7.0,0.0,32.0,69.0,0.464,477.0,200.0,0.291,0.419,0.71,1037.0,531.0,0.194,0.512,0.706
1630568,Luka Garza,1610612750,MIN,26.0,Luka,26,38,0.684,14,24,0.583,2.0,7.0,0.286,0.0,2.0,0.0,0.0,1.0,0.0,10,33,0.303,0.0,0.0,0.0,0.0,3.0,0.0,52.0,10.0,0.5,0.192,0.692,105.0,36.0,0.362,0.343,0.705
203482,Kelly Olynyk,1610612740,NOP,34.0,Kelly,70,110,0.636,23,53,0.434,8.0,26.0,0.308,3.0,3.0,1.0,3.0,7.0,0.429,27,69,0.391,0.0,0.0,0.0,6.0,10.0,0.6,134.0,33.0,0.522,0.246,0.768,268.0,79.0,0.41,0.295,0.705
1630163,LaMelo Ball,1610612766,CHA,23.0,LaMelo,96,179,0.536,98,211,0.464,33.0,85.0,0.388,7.0,23.0,0.304,9.0,27.0,0.333,163,471,0.346,0.0,7.0,0.0,16.0,50.0,0.32,406.0,179.0,0.236,0.441,0.677,1003.0,528.0,0.178,0.526,0.704
1630224,Jalen Green,1610612745,HOU,23.0,Jalen,224,349,0.642,71,209,0.34,79.0,218.0,0.362,8.0,30.0,0.267,20.0,44.0,0.455,206,587,0.351,0.0,0.0,0.0,28.0,74.0,0.378,608.0,234.0,0.368,0.385,0.753,1437.0,661.0,0.243,0.46,0.703
1628976,Wendell Carter Jr.,1610612753,ORL,26.0,Wendell,130,187,0.695,37,90,0.411,22.0,56.0,0.393,10.0,37.0,0.27,5.0,21.0,0.238,22,100,0.22,0.0,0.0,0.0,15.0,58.0,0.259,226.0,37.0,0.575,0.164,0.739,491.0,158.0,0.381,0.322,0.703
1641722,Jordan Hawkins,1610612740,NOP,23.0,Jordan,32,58,0.552,27,69,0.391,38.0,97.0,0.392,18.0,52.0,0.346,17.0,35.0,0.486,75,245,0.306,0.0,0.0,0.0,35.0,87.0,0.402,207.0,110.0,0.155,0.531,0.686,556.0,332.0,0.104,0.597,0.701
1626157,Karl-Anthony Towns,1610612752,NYK,29.0,Karl-Anthony,344,514,0.669,118,261,0.452,35.0,102.0,0.343,3.0,11.0,0.273,4.0,11.0,0.364,135,316,0.427,0.0,0.0,0.0,7.0,22.0,0.318,639.0,142.0,0.538,0.222,0.76,1215.0,338.0,0.423,0.278,0.701
1629611,Terance Mann,1610612737,ATL,28.0,Terance,91,126,0.722,34,72,0.472,20.0,52.0,0.385,10.0,34.0,0.294,23.0,44.0,0.523,27,85,0.318,0.0,0.0,0.0,33.0,78.0,0.423,205.0,60.0,0.444,0.293,0.737,413.0,163.0,0.305,0.395,0.7
1642269,Devin Carter,1610612758,SAC,23.0,Devin,17,28,0.607,10,33,0.303,2.0,5.0,0.4,3.0,7.0,0.429,2.0,9.0,0.222,13,45,0.289,0.0,0.0,0.0,5.0,16.0,0.313,47.0,18.0,0.362,0.383,0.745,127.0,61.0,0.22,0.48,0.7
202704,Reggie Jackson,1610612755,PHI,35.0,Reggie,11,19,0.579,10,22,0.455,6.0,18.0,0.333,2.0,8.0,0.25,4.0,7.0,0.571,19,58,0.328,0.0,1.0,0.0,6.0,15.0,0.4,52.0,25.0,0.212,0.481,0.693,133.0,74.0,0.143,0.556,0.699
1631096,Chet Holmgren,1610612760,OKC,23.0,Chet,88,122,0.721,27,76,0.355,8.0,27.0,0.296,6.0,13.0,0.462,3.0,7.0,0.429,35,95,0.368,0.0,1.0,0.0,9.0,20.0,0.45,167.0,44.0,0.527,0.263,0.79,341.0,116.0,0.358,0.34,0.698
1631232,Keion Brooks Jr.,1610612740,NOP,24.0,Keion,24,33,0.727,7,25,0.28,8.0,8.0,1.0,4.0,12.0,0.333,3.0,5.0,0.6,7,26,0.269,0.0,0.0,0.0,7.0,17.0,0.412,53.0,14.0,0.453,0.264,0.717,109.0,43.0,0.303,0.394,0.697
1630173,Precious Achiuwa,1610612752,NYK,25.0,Precious,119,192,0.62,29,86,0.337,6.0,13.0,0.462,7.0,22.0,0.318,1.0,6.0,0.167,2,8,0.25,0.0,0.0,0.0,8.0,28.0,0.286,164.0,10.0,0.726,0.061,0.787,327.0,36.0,0.587,0.11,0.697
1630544,Tre Mann,1610612766,CHA,24.0,Tre,23,52,0.442,16,32,0.5,7.0,17.0,0.412,4.0,7.0,0.571,2.0,8.0,0.25,18,45,0.4,0.0,0.0,0.0,6.0,15.0,0.4,70.0,24.0,0.329,0.343,0.672,161.0,60.0,0.323,0.373,0.696
1631166,Drew Timme,1610612751,BKN,24.0,Drew,21,36,0.583,14,27,0.519,1.0,4.0,0.25,2.0,4.0,0.5,0.0,2.0,0.0,7,28,0.25,0.0,1.0,0.0,2.0,6.0,0.333,45.0,9.0,0.467,0.2,0.667,102.0,35.0,0.353,0.343,0.696
1641726,Dereck Lively II,1610612742,DAL,21.0,Dereck,103,133,0.774,31,58,0.534,0.0,0.0,0.0,0.0,0.0,0.0,0.0,0.0,0.0,0,0,0.0,0.0,0.0,0.0,0.0,0.0,0.0,134.0,0.0,0.769,0.0,0.769,191.0,0.0,0.696,0.0,0.696
1630590,Scotty Pippen Jr.,1610612763,MEM,24.0,Scotty,120,194,0.619,72,164,0.439,6.0,17.0,0.353,8.0,26.0,0.308,16.0,21.0,0.762,63,171,0.368,0.0,1.0,0.0,24.0,47.0,0.511,285.0,87.0,0.421,0.305,0.726,594.0,219.0,0.327,0.369,0.696
1626156,D'Angelo Russell,1610612751,BKN,29.0,D'Angelo,52,84,0.619,65,138,0.471,19.0,56.0,0.339,5.0,15.0,0.333,4.0,18.0,0.222,104,325,0.32,0.0,2.0,0.0,9.0,33.0,0.273,249.0,113.0,0.209,0.454,0.663,638.0,360.0,0.132,0.564,0.696
1642263,Reed Sheppard,1610612745,HOU,21.0,Reed,15,24,0.625,10,38,0.263,11.0,35.0,0.314,4.0,12.0,0.333,2.0,12.0,0.167,42,118,0.356,0.0,0.0,0.0,6.0,24.0,0.25,84.0,48.0,0.179,0.571,0.75,239.0,142.0,0.1,0.594,0.694
1631101,Shaedon Sharpe,1610612757,POR,22.0,Shaedon,209,294,0.711,63,164,0.384,80.0,174.0,0.46,18.0,45.0,0.4,12.0,39.0,0.308,117,384,0.305,0.0,4.0,0.0,30.0,84.0,0.357,499.0,147.0,0.419,0.295,0.714,1104.0,472.0,0.266,0.428,0.694
1629631,De'Andre Hunter,1610612739,CLE,27.0,De'Andre,87,141,0.617,74,152,0.487,40.0,81.0,0.494,21.0,55.0,0.382,22.0,61.0,0.361,114,270,0.422,0.0,2.0,0.0,43.0,116.0,0.371,358.0,157.0,0.243,0.439,0.682,762.0,388.0,0.185,0.509,0.694
1630545,Terrence Shannon Jr.,1610612750,MIN,24.0,Terrence,33,48,0.688,10,27,0.37,1.0,8.0,0.125,4.0,7.0,0.571,4.0,14.0,0.286,3,10,0.3,0.0,0.0,0.0,8.0,21.0,0.381,55.0,11.0,0.6,0.2,0.8,114.0,31.0,0.421,0.272,0.693
1629014,Anfernee Simons,1610612757,POR,26.0,Anfernee,115,187,0.615,83,205,0.405,66.0,140.0,0.471,13.0,38.0,0.342,8.0,21.0,0.381,194,529,0.367,0.0,5.0,0.0,21.0,59.0,0.356,479.0,215.0,0.24,0.449,0.689,1125.0,593.0,0.166,0.527,0.693
1641878,Damion Baugh,1610612766,CHA,24.0,Damion,19,34,0.559,10,37,0.27,1.0,3.0,0.333,0.0,13.0,0.0,2.0,6.0,0.333,10,37,0.27,0.0,0.0,0.0,2.0,19.0,0.105,42.0,12.0,0.452,0.286,0.738,130.0,56.0,0.262,0.431,0.693
1629646,Charles Bassey,1610612759,SAS,24.0,Charles,50,81,0.617,17,32,0.531,1.0,4.0,0.25,0.0,0.0,0.0,0.0,0.0,0.0,0,0,0.0,0.0,0.0,0.0,0.0,0.0,0.0,68.0,0.0,0.735,0.0,0.735,117.0,0.0,0.692,0.0,0.692
1629599,Amir Coffey,1610612746,LAC,28.0,Amir,69,106,0.651,39,95,0.411,31.0,62.0,0.5,16.0,44.0,0.364,27.0,50.0,0.54,58,153,0.379,0.0,0.0,0.0,43.0,94.0,0.457,240.0,101.0,0.288,0.421,0.709,510.0,247.0,0.208,0.484,0.692
1631093,Jaden Ivey,1610612765,DET,23.0,Jaden,78,131,0.595,35,88,0.398,14.0,40.0,0.35,3.0,16.0,0.188,9.0,17.0,0.529,51,118,0.432,0.0,3.0,0.0,12.0,33.0,0.364,190.0,63.0,0.411,0.332,0.743,413.0,154.0,0.317,0.373,0.69
1630169,Tyrese Haliburton,1610612754,IND,25.0,Tyrese,94,131,0.718,89,158,0.563,75.0,155.0,0.484,9.0,17.0,0.529,10.0,27.0,0.37,199,509,0.391,0.0,9.0,0.0,19.0,44.0,0.432,476.0,218.0,0.197,0.458,0.655,1006.0,562.0,0.13,0.559,0.689
203500,Steven Adams,1610612745,HOU,31.0,Steven,70,113,0.619,21,52,0.404,0.0,0.0,0.0,0.0,0.0,0.0,0.0,0.0,0.0,0,0,0.0,0.0,2.0,0.0,0.0,0.0,0.0,91.0,0.0,0.769,0.0,0.769,167.0,2.0,0.677,0.012,0.689
1626172,Kevon Looney,1610612744,GSW,29.0,Kevon,119,186,0.64,17,59,0.288,5.0,28.0,0.179,1.0,1.0,1.0,1.0,1.0,1.0,0,2,0.0,0.0,1.0,0.0,2.0,2.0,1.0,143.0,2.0,0.832,0.014,0.846,278.0,5.0,0.669,0.018,0.687
1641744,Zach Edey,1610612763,MEM,23.0,Zach,181,245,0.739,49,124,0.395,3.0,12.0,0.25,2.0,9.0,0.222,2.0,7.0,0.286,14,36,0.389,0.0,0.0,0.0,4.0,16.0,0.25,251.0,18.0,0.721,0.072,0.793,433.0,52.0,0.566,0.12,0.686
1631109,Mark Williams,1610612766,CHA,23.0,Mark,215,302,0.712,49,130,0.377,6.0,11.0,0.545,0.0,1.0,0.0,0.0,0.0,0.0,0,3,0.0,0.0,0.0,0.0,0.0,1.0,0.0,270.0,0.0,0.796,0.0,0.796,447.0,4.0,0.676,0.009,0.685
203994,Jusuf Nurkić,1610612766,CHA,30.0,Jusuf,85,136,0.625,49,102,0.48,2.0,9.0,0.222,2.0,4.0,0.5,3.0,8.0,0.375,27,92,0.293,0.0,1.0,0.0,5.0,12.0,0.417,168.0,32.0,0.506,0.19,0.696,352.0,105.0,0.386,0.298,0.684
1630256,Jae'Sean Tate,1610612745,HOU,29.0,Jae'Sean,37,55,0.673,16,45,0.356,1.0,2.0,0.5,7.0,15.0,0.467,7.0,16.0,0.438,2,15,0.133,0.0,0.0,0.0,14.0,31.0,0.452,70.0,16.0,0.529,0.229,0.758,148.0,46.0,0.372,0.311,0.683
1629618,Jalen Pickett,1610612743,DEN,25.0,Jalen,16,22,0.727,13,28,0.464,8.0,29.0,0.276,8.0,18.0,0.444,9.0,20.0,0.45,23,62,0.371,0.0,1.0,0.0,17.0,38.0,0.447,77.0,40.0,0.208,0.519,0.727,180.0,101.0,0.122,0.561,0.683
1631097,Bennedict Mathurin,1610612754,IND,23.0,Bennedict,181,294,0.616,72,162,0.444,40.0,109.0,0.367,5.0,11.0,0.455,13.0,34.0,0.382,80,240,0.333,0.0,3.0,0.0,18.0,45.0,0.4,391.0,98.0,0.463,0.251,0.714,853.0,288.0,0.345,0.338,0.683
1628386,Jarrett Allen,1610612739,CLE,27.0,Jarrett,331,429,0.772,110,186,0.591,11.0,20.0,0.55,0.0,0.0,0.0,0.0,2.0,0.0,0,3,0.0,0.0,0.0,0.0,0.0,2.0,0.0,452.0,0.0,0.732,0.0,0.732,640.0,5.0,0.67,0.008,0.678
1631170,Jaime Jaquez Jr.,1610612748,MIA,24.0,Jaime,119,194,0.613,48,125,0.384,9.0,24.0,0.375,13.0,36.0,0.361,5.0,28.0,0.179,19,53,0.358,0.0,2.0,0.0,18.0,64.0,0.281,213.0,37.0,0.559,0.174,0.733,462.0,119.0,0.42,0.258,0.678
1630591,Jalen Suggs,1610612753,ORL,24.0,Jalen,62,84,0.738,36,91,0.396,23.0,64.0,0.359,12.0,28.0,0.429,4.0,8.0,0.5,60,202,0.297,0.0,4.0,0.0,16.0,36.0,0.444,197.0,76.0,0.315,0.386,0.701,481.0,242.0,0.175,0.503,0.678
1628415,Dillon Brooks,1610612745,HOU,29.0,Dillon,76,138,0.551,72,179,0.402,50.0,109.0,0.459,22.0,59.0,0.373,23.0,59.0,0.39,141,350,0.403,0.0,1.0,0.0,45.0,118.0,0.381,384.0,186.0,0.198,0.484,0.682,895.0,469.0,0.154,0.524,0.678
1641731,Bilal Coulibaly,1610612764,WAS,20.0,Bilal,139,198,0.702,45,140,0.321,16.0,62.0,0.258,12.0,35.0,0.343,7.0,21.0,0.333,44,168,0.262,0.0,0.0,0.0,19.0,56.0,0.339,263.0,63.0,0.529,0.24,0.769,624.0,224.0,0.317,0.359,0.676
201935,James Harden,1610612746,LAC,35.0,James,121,205,0.59,126,312,0.404,49.0,110.0,0.445,4.0,9.0,0.444,8.0,21.0,0.381,223,638,0.35,0.0,0.0,0.0,12.0,30.0,0.4,531.0,235.0,0.228,0.443,0.671,1295.0,668.0,0.158,0.516,0.674
1626145,Tyus Jones,1610612756,PHX,29.0,Tyus,43,57,0.754,74,167,0.443,23.0,58.0,0.397,44.0,83.0,0.53,27.0,66.0,0.409,95,252,0.377,0.0,0.0,0.0,71.0,149.0,0.477,306.0,166.0,0.141,0.542,0.683,683.0,401.0,0.083,0.587,0.67
1628378,Donovan Mitchell,1610612739,CLE,28.0,Donovan,152,251,0.606,116,239,0.485,84.0,197.0,0.426,19.0,36.0,0.528,11.0,29.0,0.379,203,565,0.359,0.0,3.0,0.0,30.0,65.0,0.462,585.0,233.0,0.26,0.398,0.658,1320.0,633.0,0.19,0.48,0.67
1641774,Tristan Vukcevic,1610612764,WAS,22.0,Tristan,45,60,0.75,22,55,0.4,15.0,25.0,0.6,3.0,9.0,0.333,1.0,3.0,0.333,34,88,0.386,0.0,2.0,0.0,4.0,12.0,0.333,120.0,38.0,0.375,0.317,0.692,242.0,102.0,0.248,0.421,0.669
1631204,Marcus Sasser,1610612765,DET,24.0,Marcus,32,46,0.696,30,57,0.526,17.0,41.0,0.415,3.0,13.0,0.231,6.0,10.0,0.6,49,129,0.38,0.0,0.0,0.0,9.0,23.0,0.391,137.0,58.0,0.234,0.423,0.657,296.0,152.0,0.155,0.514,0.669
1630581,Josh Giddey,1610612741,CHI,22.0,Josh,147,255,0.576,100,207,0.483,19.0,58.0,0.328,19.0,46.0,0.413,12.0,33.0,0.364,73,198,0.369,1.0,1.0,1.0,31.0,79.0,0.392,371.0,105.0,0.396,0.283,0.679,798.0,278.0,0.32,0.348,0.668
1630552,Jalen Johnson,1610612737,ATL,23.0,Jalen,159,221,0.719,54,141,0.383,14.0,39.0,0.359,5.0,17.0,0.294,9.0,27.0,0.333,30,95,0.316,0.0,2.0,0.0,14.0,44.0,0.318,271.0,44.0,0.587,0.162,0.749,542.0,141.0,0.408,0.26,0.668
1642267,Bub Carrington,1610612764,WAS,19.0,Bub,49,92,0.533,45,106,0.425,68.0,143.0,0.476,6.0,18.0,0.333,15.0,45.0,0.333,117,343,0.341,0.0,1.0,0.0,21.0,63.0,0.333,300.0,138.0,0.163,0.46,0.623,748.0,407.0,0.123,0.544,0.667
1642262,Cody Williams,1610612762,UTA,20.0,Cody,18,36,0.5,25,64,0.391,5.0,22.0,0.227,14.0,44.0,0.318,6.0,36.0,0.167,15,55,0.273,0.0,0.0,0.0,20.0,80.0,0.25,83.0,35.0,0.217,0.422,0.639,257.0,135.0,0.14,0.525,0.665
101108,Chris Paul,1610612759,SAS,40.0,Chris,14,17,0.824,34,65,0.523,61.0,130.0,0.469,7.0,24.0,0.292,10.0,25.0,0.4,123,320,0.384,0.0,2.0,0.0,17.0,49.0,0.347,249.0,140.0,0.056,0.562,0.618,583.0,371.0,0.029,0.636,0.665
1630702,Jaden Hardy,1610612742,DAL,22.0,Jaden,44,78,0.564,44,89,0.494,16.0,50.0,0.32,7.0,19.0,0.368,12.0,30.0,0.4,57,147,0.388,0.0,1.0,0.0,19.0,49.0,0.388,180.0,76.0,0.244,0.422,0.666,414.0,197.0,0.188,0.476,0.664
1631103,Malaki Branham,1610612759,SAS,22.0,Malaki,32,42,0.762,13,39,0.333,8.0,25.0,0.32,4.0,11.0,0.364,4.0,6.0,0.667,26,67,0.388,0.0,0.0,0.0,8.0,17.0,0.471,87.0,34.0,0.368,0.391,0.759,190.0,84.0,0.221,0.442,0.663
1630183,Jaden McDaniels,1610612750,MIN,24.0,Jaden,176,249,0.707,88,201,0.438,34.0,81.0,0.42,28.0,91.0,0.308,24.0,72.0,0.333,48,137,0.35,0.0,3.0,0.0,52.0,163.0,0.319,398.0,100.0,0.442,0.251,0.693,834.0,303.0,0.299,0.363,0.662
1641718,Keyonte George,1610612762,UTA,21.0,Keyonte,62,101,0.614,94,229,0.41,29.0,82.0,0.354,16.0,32.0,0.5,20.0,42.0,0.476,138,433,0.319,0.0,0.0,0.0,36.0,74.0,0.486,359.0,174.0,0.173,0.485,0.658,919.0,507.0,0.11,0.552,0.662
1641710,Anthony Black,1610612753,ORL,21.0,Anthony,124,215,0.577,59,154,0.383,17.0,56.0,0.304,10.0,34.0,0.294,21.0,44.0,0.477,31,116,0.267,0.0,1.0,0.0,31.0,78.0,0.397,262.0,62.0,0.473,0.237,0.71,620.0,195.0,0.347,0.315,0.662
1630217,Desmond Bane,1610612753,ORL,27.0,Desmond,172,254,0.677,99,229,0.432,58.0,117.0,0.496,16.0,50.0,0.32,10.0,33.0,0.303,138,335,0.412,0.0,0.0,0.0,26.0,83.0,0.313,493.0,164.0,0.349,0.333,0.682,1018.0,418.0,0.25,0.411,0.661
1630193,Immanuel Quickley,1610612761,TOR,26.0,Immanuel,37,64,0.578,45,107,0.421,17.0,42.0,0.405,2.0,10.0,0.2,8.0,15.0,0.533,75,199,0.377,0.0,1.0,0.0,10.0,25.0,0.4,184.0,85.0,0.201,0.462,0.663,438.0,225.0,0.146,0.514,0.66
1630692,Jordan Goodwin,1610612747,LAL,26.0,Jordan,14,27,0.519,18,37,0.486,5.0,12.0,0.417,4.0,16.0,0.25,9.0,17.0,0.529,13,35,0.371,0.0,0.0,0.0,13.0,33.0,0.394,63.0,26.0,0.222,0.413,0.635,144.0,68.0,0.188,0.472,0.66
203915,Spencer Dinwiddie,1610612742,DAL,32.0,Spencer,71,122,0.582,77,167,0.461,27.0,67.0,0.403,14.0,29.0,0.483,12.0,34.0,0.353,83,263,0.316,0.0,0.0,0.0,26.0,63.0,0.413,284.0,109.0,0.25,0.384,0.634,682.0,326.0,0.179,0.478,0.657
204001,Kristaps Porziņģis,1610612738,BOS,29.0,Kristaps,87,126,0.69,66,139,0.475,21.0,59.0,0.356,2.0,7.0,0.286,4.0,10.0,0.4,97,233,0.416,0.0,0.0,0.0,6.0,17.0,0.353,277.0,103.0,0.314,0.372,0.686,574.0,250.0,0.22,0.436,0.656
1630194,Paul Reed,1610612765,DET,26.0,Paul,45,65,0.692,10,30,0.333,9.0,19.0,0.474,0.0,0.0,0.0,1.0,5.0,0.2,7,23,0.304,0.0,0.0,0.0,1.0,5.0,0.2,72.0,8.0,0.625,0.111,0.736,142.0,28.0,0.458,0.197,0.655
1642347,Jamal Shead,1610612761,TOR,22.0,Jamal,63,107,0.589,58,135,0.43,11.0,39.0,0.282,9.0,20.0,0.45,5.0,15.0,0.333,58,184,0.315,0.0,4.0,0.0,14.0,35.0,0.4,204.0,72.0,0.309,0.353,0.662,504.0,223.0,0.212,0.442,0.654
1630170,Devin Vassell,1610612759,SAS,24.0,Devin,93,150,0.62,56,118,0.475,87.0,191.0,0.455,24.0,60.0,0.4,22.0,46.0,0.478,112,323,0.347,0.0,1.0,0.0,46.0,106.0,0.434,394.0,158.0,0.236,0.401,0.637,889.0,430.0,0.169,0.484,0.653
1628370,Malik Monk,1610612758,SAC,27.0,Malik,114,185,0.616,122,235,0.519,37.0,91.0,0.407,13.0,33.0,0.394,11.0,20.0,0.55,115,373,0.308,0.0,2.0,0.0,24.0,53.0,0.453,412.0,139.0,0.277,0.337,0.614,939.0,428.0,0.197,0.456,0.653
1641764,Brandin Podziemski,1610612744,GSW,22.0,Brandin,67,101,0.663,65,139,0.468,33.0,80.0,0.413,18.0,33.0,0.545,4.0,22.0,0.182,93,250,0.372,0.0,4.0,0.0,22.0,55.0,0.4,280.0,115.0,0.239,0.411,0.65,629.0,309.0,0.161,0.491,0.652
1629639,Tyler Herro,1610612748,MIA,25.0,Tyler,149,228,0.654,193,347,0.556,58.0,133.0,0.436,17.0,36.0,0.472,20.0,45.0,0.444,214,587,0.365,0.0,2.0,0.0,37.0,81.0,0.457,651.0,251.0,0.229,0.386,0.615,1378.0,670.0,0.165,0.486,0.651
203935,Marcus Smart,1610612764,WAS,31.0,Marcus,17,26,0.654,27,77,0.351,8.0,13.0,0.615,8.0,24.0,0.333,5.0,16.0,0.313,36,98,0.367,0.0,3.0,0.0,13.0,40.0,0.325,101.0,49.0,0.168,0.485,0.653,257.0,141.0,0.101,0.549,0.65
203995,Vasilije Micic,1610612756,PHX,31.0,Vasilije,26,52,0.5,10,46,0.217,14.0,50.0,0.28,0.0,1.0,0.0,1.0,3.0,0.333,44,121,0.364,0.0,0.0,0.0,1.0,4.0,0.25,95.0,45.0,0.274,0.474,0.748,273.0,125.0,0.19,0.458,0.648
1628398,Kyle Kuzma,1610612749,MIL,29.0,Kyle,165,236,0.699,81,213,0.38,28.0,85.0,0.329,21.0,46.0,0.457,8.0,39.0,0.205,66,225,0.293,1.0,4.0,0.25,29.0,85.0,0.341,370.0,96.0,0.446,0.259,0.705,848.0,314.0,0.278,0.37,0.648
1630200,Tre Jones,1610612741,CHI,25.0,Tre,72,106,0.679,32,71,0.451,5.0,13.0,0.385,5.0,13.0,0.385,6.0,11.0,0.545,8,24,0.333,0.0,0.0,0.0,11.0,24.0,0.458,128.0,19.0,0.562,0.148,0.71,238.0,48.0,0.445,0.202,0.647
203944,Julius Randle,1610612750,MIN,30.0,Julius,206,294,0.701,108,256,0.422,33.0,75.0,0.44,9.0,38.0,0.237,13.0,36.0,0.361,86,239,0.36,0.0,1.0,0.0,22.0,74.0,0.297,455.0,108.0,0.453,0.237,0.69,939.0,314.0,0.313,0.334,0.647
203468,CJ McCollum,1610612740,NOP,33.0,CJ,116,187,0.62,101,219,0.461,56.0,135.0,0.415,13.0,27.0,0.481,11.0,41.0,0.268,147,391,0.376,0.0,0.0,0.0,24.0,68.0,0.353,444.0,171.0,0.261,0.385,0.646,1000.0,459.0,0.187,0.459,0.646
203952,Andrew Wiggins,1610612748,MIA,30.0,Andrew,112,194,0.577,95,203,0.468,39.0,94.0,0.415,14.0,36.0,0.389,11.0,24.0,0.458,105,288,0.365,0.0,0.0,0.0,25.0,60.0,0.417,376.0,130.0,0.298,0.346,0.644,839.0,348.0,0.231,0.415,0.646
1642259,Alex Sarr,1610612764,WAS,20.0,Alex,122,192,0.635,72,222,0.324,27.0,73.0,0.37,12.0,35.0,0.343,7.0,18.0,0.389,86,288,0.299,0.0,0.0,0.0,19.0,53.0,0.358,326.0,105.0,0.374,0.322,0.696,828.0,341.0,0.232,0.412,0.644
1641708,Amen Thompson,1610612745,HOU,22.0,Amen,257,357,0.72,80,181,0.442,26.0,68.0,0.382,8.0,17.0,0.471,12.0,37.0,0.324,5,35,0.143,0.0,2.0,0.0,20.0,54.0,0.37,388.0,25.0,0.662,0.064,0.726,697.0,91.0,0.512,0.131,0.643
1629023,P.J. Washington,1610612742,DAL,26.0,P.J.,125,188,0.665,73,204,0.358,12.0,34.0,0.353,21.0,54.0,0.389,11.0,31.0,0.355,59,154,0.383,0.0,0.0,0.0,32.0,85.0,0.376,301.0,91.0,0.415,0.302,0.717,665.0,239.0,0.283,0.359,0.642
1642354,KJ Simpson,1610612766,CHA,22.0,KJ,39,63,0.619,24,78,0.308,8.0,30.0,0.267,3.0,10.0,0.3,2.0,9.0,0.222,28,111,0.252,0.0,0.0,0.0,5.0,19.0,0.263,104.0,33.0,0.375,0.317,0.692,301.0,130.0,0.209,0.432,0.641
1641787,Tosan Evbuomwan,1610612751,BKN,24.0,Tosan,43,64,0.672,22,65,0.338,5.0,14.0,0.357,3.0,15.0,0.2,7.0,19.0,0.368,14,43,0.326,0.0,0.0,0.0,10.0,34.0,0.294,94.0,24.0,0.457,0.255,0.712,220.0,77.0,0.291,0.35,0.641
1630208,Nick Richards,1610612756,PHX,27.0,Nick,156,220,0.709,41,108,0.38,8.0,17.0,0.471,0.0,0.0,0.0,0.0,2.0,0.0,0,0,0.0,0.0,0.0,0.0,0.0,2.0,0.0,205.0,0.0,0.761,0.0,0.761,347.0,2.0,0.634,0.006,0.64
1630527,Brandon Boston,1610612740,NOP,23.0,Brandon,64,103,0.621,17,60,0.283,36.0,78.0,0.462,3.0,12.0,0.25,7.0,20.0,0.35,39,108,0.361,0.0,0.0,0.0,10.0,32.0,0.313,166.0,49.0,0.386,0.295,0.681,381.0,140.0,0.27,0.367,0.637
203471,Dennis Schröder,1610612765,DET,31.0,Dennis,87,155,0.561,58,162,0.358,64.0,138.0,0.464,10.0,23.0,0.435,8.0,13.0,0.615,109,332,0.328,0.0,4.0,0.0,18.0,36.0,0.5,336.0,127.0,0.259,0.378,0.637,827.0,372.0,0.187,0.45,0.637
1629003,Shake Milton,1610612747,LAL,28.0,Shake,34,55,0.618,34,73,0.466,9.0,20.0,0.45,5.0,18.0,0.278,7.0,18.0,0.389,26,69,0.377,0.0,1.0,0.0,12.0,36.0,0.333,115.0,38.0,0.296,0.33,0.626,254.0,106.0,0.217,0.417,0.634
1629636,Darius Garland,1610612739,CLE,25.0,Darius,129,212,0.608,139,264,0.527,74.0,169.0,0.438,17.0,43.0,0.395,15.0,41.0,0.366,180,444,0.405,0.0,1.0,0.0,32.0,84.0,0.381,554.0,212.0,0.233,0.383,0.616,1174.0,529.0,0.181,0.451,0.632
1642265,Rob Dillingham,1610612750,MIN,20.0,Rob,37,59,0.627,23,48,0.479,8.0,30.0,0.267,4.0,7.0,0.571,2.0,5.0,0.4,19,62,0.306,0.0,0.0,0.0,6.0,12.0,0.5,93.0,25.0,0.398,0.269,0.667,211.0,74.0,0.28,0.351,0.631
1629027,Trae Young,1610612737,ATL,26.0,Trae,115,219,0.525,163,360,0.453,70.0,155.0,0.452,8.0,19.0,0.421,14.0,32.0,0.438,195,586,0.333,1.0,5.0,0.2,22.0,51.0,0.431,566.0,218.0,0.203,0.385,0.588,1376.0,642.0,0.159,0.467,0.626
1630570,Trendon Watford,1610612751,BKN,24.0,Trendon,79,131,0.603,54,119,0.454,2.0,12.0,0.167,2.0,13.0,0.154,5.0,11.0,0.455,22,63,0.349,0.0,1.0,0.0,7.0,24.0,0.292,164.0,29.0,0.482,0.177,0.659,350.0,88.0,0.374,0.251,0.625
1642268,Isaiah Collier,1610612762,UTA,20.0,Isaiah,116,177,0.655,63,168,0.375,13.0,41.0,0.317,11.0,35.0,0.314,4.0,9.0,0.444,26,120,0.217,1.0,5.0,0.2,15.0,44.0,0.341,234.0,42.0,0.496,0.179,0.675,555.0,169.0,0.319,0.305,0.624
203552,Seth Curry,1610612766,CHA,34.0,Seth,24,32,0.75,14,41,0.341,43.0,88.0,0.489,16.0,29.0,0.552,16.0,30.0,0.533,51,123,0.415,0.0,0.0,0.0,32.0,59.0,0.542,164.0,83.0,0.146,0.506,0.652,343.0,182.0,0.093,0.531,0.624
1629626,Bol Bol,1610612756,PHX,25.0,Bol,17,21,0.81,22,31,0.71,25.0,38.0,0.658,9.0,26.0,0.346,9.0,25.0,0.36,14,42,0.333,0.0,0.0,0.0,18.0,51.0,0.353,96.0,32.0,0.177,0.333,0.51,183.0,93.0,0.115,0.508,0.623
1629029,Luka Dončić,1610612747,LAL,26.0,Luka,112,158,0.709,111,229,0.485,61.0,157.0,0.389,7.0,18.0,0.389,3.0,7.0,0.429,167,454,0.368,0.0,2.0,0.0,10.0,25.0,0.4,461.0,177.0,0.243,0.384,0.627,1025.0,481.0,0.154,0.469,0.623
1628997,Caleb Martin,1610612742,DAL,29.0,Caleb,50,86,0.581,19,54,0.352,23.0,61.0,0.377,10.0,19.0,0.526,11.0,25.0,0.44,16,57,0.281,0.0,2.0,0.0,21.0,44.0,0.477,129.0,37.0,0.388,0.287,0.675,304.0,103.0,0.283,0.339,0.622
1641732,Colby Jones,1610612764,WAS,23.0,Colby,22,31,0.71,15,33,0.455,6.0,16.0,0.375,3.0,7.0,0.429,1.0,6.0,0.167,12,36,0.333,0.0,0.0,0.0,4.0,13.0,0.308,59.0,16.0,0.373,0.271,0.644,129.0,49.0,0.24,0.38,0.62
1642349,Ajay Mitchell,1610612760,OKC,23.0,Ajay,34,54,0.63,28,56,0.5,6.0,14.0,0.429,5.0,13.0,0.385,2.0,5.0,0.4,16,41,0.39,0.0,1.0,0.0,7.0,18.0,0.389,91.0,23.0,0.374,0.253,0.627,184.0,60.0,0.293,0.326,0.619
1641733,Nick Smith Jr.,1610612766,CHA,21.0,Nick,26,45,0.578,61,143,0.427,31.0,74.0,0.419,15.0,42.0,0.357,8.0,22.0,0.364,81,241,0.336,0.0,1.0,0.0,23.0,64.0,0.359,222.0,104.0,0.117,0.468,0.585,568.0,306.0,0.079,0.539,0.618
1629111,Jock Landale,1610612745,HOU,29.0,Jock,44,68,0.647,18,40,0.45,8.0,18.0,0.444,0.0,1.0,0.0,0.0,1.0,0.0,11,24,0.458,0.0,0.0,0.0,0.0,2.0,0.0,81.0,11.0,0.543,0.136,0.679,152.0,26.0,0.447,0.171,0.618
2544,LeBron James,1610612747,LAL,40.0,LeBron,287,386,0.744,120,270,0.444,95.0,218.0,0.436,8.0,23.0,0.348,5.0,14.0,0.357,136,357,0.381,0.0,2.0,0.0,13.0,37.0,0.351,651.0,149.0,0.441,0.229,0.67,1270.0,396.0,0.304,0.312,0.616
203507,Giannis Antetokounmpo,1610612749,MIL,30.0,Giannis,561,749,0.749,93,224,0.415,125.0,283.0,0.442,0.0,1.0,0.0,0.0,2.0,0.0,14,59,0.237,0.0,1.0,0.0,0.0,3.0,0.0,793.0,14.0,0.707,0.018,0.725,1319.0,63.0,0.568,0.048,0.616
1629630,Ja Morant,1610612763,MEM,25.0,Ja,164,261,0.628,120,276,0.435,32.0,67.0,0.478,12.0,33.0,0.364,5.0,20.0,0.25,71,227,0.313,0.0,5.0,0.0,17.0,53.0,0.321,404.0,88.0,0.406,0.218,0.624,889.0,285.0,0.294,0.321,0.615
202331,Paul George,1610612755,PHI,35.0,Paul,59,80,0.738,25,67,0.373,65.0,155.0,0.419,7.0,21.0,0.333,7.0,28.0,0.25,82,218,0.376,0.0,1.0,0.0,14.0,49.0,0.286,245.0,96.0,0.241,0.392,0.633,570.0,268.0,0.14,0.47,0.61
1630215,Jared Butler,1610612755,PHI,24.0,Jared,72,107,0.673,53,138,0.384,18.0,39.0,0.462,10.0,22.0,0.455,7.0,16.0,0.438,43,131,0.328,0.0,0.0,0.0,17.0,38.0,0.447,203.0,60.0,0.355,0.296,0.651,453.0,169.0,0.236,0.373,0.609
1628381,John Collins,1610612762,UTA,27.0,John,118,174,0.678,83,162,0.512,20.0,47.0,0.426,8.0,24.0,0.333,17.0,34.0,0.5,34,90,0.378,0.0,0.0,0.0,25.0,58.0,0.431,280.0,59.0,0.421,0.211,0.632,531.0,148.0,0.328,0.279,0.607
1629651,Nic Claxton,1610612751,BKN,26.0,Nic,231,323,0.715,72,191,0.377,12.0,33.0,0.364,1.0,4.0,0.25,1.0,4.0,0.25,3,13,0.231,0.0,0.0,0.0,2.0,8.0,0.25,320.0,5.0,0.722,0.016,0.738,568.0,21.0,0.569,0.037,0.606
1630560,Cam Thomas,1610612751,BKN,23.0,Cam,46,80,0.575,43,93,0.462,42.0,86.0,0.488,4.0,16.0,0.25,2.0,8.0,0.25,62,170,0.365,0.0,1.0,0.0,6.0,24.0,0.25,199.0,68.0,0.231,0.342,0.573,454.0,195.0,0.176,0.43,0.606
1630811,Keaton Wallace,1610612737,ATL,26.0,Keaton,9,16,0.563,25,46,0.543,4.0,18.0,0.222,2.0,5.0,0.4,2.0,5.0,0.4,23,71,0.324,0.0,1.0,0.0,4.0,10.0,0.4,65.0,27.0,0.138,0.415,0.553,162.0,82.0,0.099,0.506,0.605
1630700,Dyson Daniels,1610612737,ATL,22.0,Dyson,208,318,0.654,160,345,0.464,7.0,25.0,0.28,6.0,21.0,0.286,19.0,36.0,0.528,55,172,0.32,0.0,6.0,0.0,25.0,57.0,0.439,455.0,80.0,0.457,0.176,0.633,923.0,235.0,0.345,0.255,0.6
1630230,Naji Marshall,1610612742,DAL,27.0,Naji,148,209,0.708,131,245,0.535,23.0,40.0,0.575,21.0,58.0,0.362,10.0,48.0,0.208,29,104,0.279,0.0,8.0,0.0,31.0,106.0,0.292,362.0,60.0,0.409,0.166,0.575,712.0,218.0,0.294,0.306,0.6
202710,Jimmy Butler III,1610612744,GSW,35.0,Jimmy,177,254,0.697,61,152,0.401,31.0,87.0,0.356,7.0,22.0,0.318,14.0,33.0,0.424,11,47,0.234,0.0,2.0,0.0,21.0,55.0,0.382,301.0,32.0,0.588,0.106,0.694,597.0,104.0,0.425,0.174,0.599
1631115,Orlando Robinson,1610612761,TOR,24.0,Orlando,61,104,0.587,33,96,0.344,5.0,9.0,0.556,0.0,1.0,0.0,2.0,6.0,0.333,15,45,0.333,0.0,0.0,0.0,2.0,7.0,0.286,116.0,17.0,0.526,0.147,0.673,261.0,52.0,0.398,0.199,0.597
1628969,Mikal Bridges,1610612752,NYK,28.0,Mikal,182,241,0.755,139,268,0.519,107.0,211.0,0.507,38.0,98.0,0.388,55.0,121.0,0.455,71,233,0.305,0.0,11.0,0.0,93.0,219.0,0.425,592.0,164.0,0.307,0.277,0.584,1183.0,463.0,0.204,0.391,0.595
1627759,Jaylen Brown,1610612738,BOS,28.0,Jaylen,206,305,0.675,132,295,0.447,64.0,160.0,0.4,13.0,33.0,0.394,18.0,38.0,0.474,85,287,0.296,0.0,0.0,0.0,31.0,71.0,0.437,518.0,116.0,0.398,0.224,0.622,1118.0,358.0,0.273,0.32,0.593
203903,Jordan Clarkson,1610612762,UTA,33.0,Jordan,34,59,0.576,64,154,0.416,19.0,48.0,0.396,6.0,12.0,0.5,6.0,14.0,0.429,72,203,0.355,0.0,3.0,0.0,12.0,26.0,0.462,201.0,84.0,0.169,0.418,0.587,493.0,232.0,0.12,0.471,0.591
1630532,Franz Wagner,1610612753,ORL,23.0,Franz,220,330,0.667,169,372,0.454,44.0,107.0,0.411,10.0,25.0,0.4,9.0,18.0,0.5,85,306,0.278,0.0,3.0,0.0,19.0,43.0,0.442,537.0,104.0,0.41,0.194,0.604,1161.0,352.0,0.284,0.303,0.587
1627763,Malcolm Brogdon,1610612764,WAS,32.0,Malcolm,55,85,0.647,23,62,0.371,10.0,37.0,0.27,1.0,4.0,0.25,1.0,1.0,1.0,14,50,0.28,0.0,1.0,0.0,2.0,5.0,0.4,104.0,16.0,0.529,0.154,0.683,240.0,56.0,0.354,0.233,0.587
1629627,Zion Williamson,1610612740,NOP,24.0,Zion,182,284,0.641,102,203,0.502,1.0,8.0,0.125,0.0,1.0,0.0,0.0,0.0,0.0,3,11,0.273,0.0,1.0,0.0,0.0,1.0,0.0,288.0,3.0,0.632,0.01,0.642,508.0,13.0,0.559,0.026,0.585
1630175,Cole Anthony,1610612763,MEM,25.0,Cole,61,100,0.61,63,143,0.441,29.0,82.0,0.354,9.0,23.0,0.391,6.0,11.0,0.545,62,182,0.341,0.0,2.0,0.0,15.0,34.0,0.441,230.0,77.0,0.265,0.335,0.6,543.0,218.0,0.184,0.401,0.585
1628971,Bruce Brown,1610612740,NOP,28.0,Bruce,61,99,0.616,32,103,0.311,10.0,26.0,0.385,1.0,6.0,0.167,16.0,36.0,0.444,10,38,0.263,0.0,1.0,0.0,17.0,42.0,0.405,130.0,27.0,0.469,0.208,0.677,309.0,81.0,0.32,0.262,0.582
202681,Kyrie Irving,1610612742,DAL,33.0,Kyrie,127,188,0.676,105,224,0.469,71.0,174.0,0.408,16.0,36.0,0.444,14.0,24.0,0.583,114,298,0.383,0.0,1.0,0.0,30.0,60.0,0.5,447.0,144.0,0.284,0.322,0.606,945.0,359.0,0.199,0.38,0.579
1630228,Jonathan Kuminga,1610612744,GSW,22.0,Jonathan,126,176,0.716,73,187,0.39,13.0,54.0,0.241,8.0,26.0,0.308,5.0,20.0,0.25,33,103,0.32,0.0,2.0,0.0,13.0,46.0,0.283,258.0,46.0,0.488,0.178,0.666,568.0,151.0,0.31,0.266,0.576
1627749,Dejounte Murray,1610612740,NOP,28.0,Dejounte,61,110,0.555,41,108,0.38,40.0,102.0,0.392,8.0,21.0,0.381,2.0,8.0,0.25,42,145,0.29,0.0,0.0,0.0,10.0,29.0,0.345,194.0,52.0,0.314,0.268,0.582,494.0,174.0,0.223,0.352,0.575
202696,Nikola Vučević,1610612741,CHI,34.0,Nikola,180,273,0.659,194,336,0.577,47.0,108.0,0.435,7.0,16.0,0.438,4.0,11.0,0.364,118,293,0.403,0.0,1.0,0.0,11.0,27.0,0.407,550.0,129.0,0.327,0.235,0.562,1038.0,321.0,0.263,0.309,0.572
203078,Bradley Beal,1610612756,PHX,32.0,Bradley,98,133,0.737,89,164,0.543,56.0,133.0,0.421,23.0,50.0,0.46,13.0,37.0,0.351,66,177,0.373,0.0,0.0,0.0,36.0,87.0,0.414,345.0,102.0,0.284,0.296,0.58,694.0,264.0,0.192,0.38,0.572
1631094,Paolo Banchero,1610612753,ORL,22.0,Paolo,160,242,0.661,74,179,0.413,91.0,218.0,0.417,2.0,9.0,0.222,5.0,17.0,0.294,80,241,0.332,0.0,5.0,0.0,7.0,26.0,0.269,412.0,87.0,0.388,0.211,0.599,911.0,272.0,0.266,0.299,0.565
1630288,Jeff Dowtin Jr.,1610612755,PHI,28.0,Jeff,35,60,0.583,28,55,0.509,21.0,45.0,0.467,4.0,11.0,0.364,3.0,6.0,0.5,21,53,0.396,0.0,0.0,0.0,7.0,17.0,0.412,112.0,28.0,0.312,0.25,0.562,230.0,70.0,0.261,0.304,0.565
1627783,Pascal Siakam,1610612754,IND,31.0,Pascal,249,342,0.728,159,310,0.513,79.0,206.0,0.383,18.0,41.0,0.439,21.0,56.0,0.375,87,226,0.385,0.0,1.0,0.0,39.0,97.0,0.402,613.0,126.0,0.406,0.206,0.612,1182.0,324.0,0.289,0.274,0.563
203999,Nikola Jokić,1610612743,DEN,30.0,Nikola,310,431,0.719,278,486,0.572,60.0,116.0,0.517,4.0,5.0,0.8,4.0,10.0,0.4,128,294,0.435,2.0,22.0,0.091,8.0,15.0,0.533,786.0,138.0,0.394,0.176,0.57,1364.0,331.0,0.316,0.243,0.559
1629660,Ty Jerome,1610612739,CLE,27.0,Ty,49,91,0.538,121,209,0.579,38.0,65.0,0.585,13.0,22.0,0.591,6.0,17.0,0.353,92,212,0.434,0.0,2.0,0.0,19.0,39.0,0.487,319.0,111.0,0.154,0.348,0.502,618.0,253.0,0.147,0.409,0.556
202699,Tobias Harris,1610612765,DET,32.0,Tobias,130,177,0.734,111,236,0.47,52.0,128.0,0.406,13.0,42.0,0.31,34.0,80.0,0.425,44,142,0.31,0.0,0.0,0.0,47.0,122.0,0.385,384.0,91.0,0.339,0.237,0.576,805.0,264.0,0.22,0.328,0.548
1629614,Andrew Nembhard,1610612754,IND,25.0,Andrew,83,119,0.697,57,123,0.463,56.0,122.0,0.459,8.0,26.0,0.308,6.0,21.0,0.286,37,127,0.291,0.0,1.0,0.0,14.0,47.0,0.298,247.0,51.0,0.336,0.206,0.542,539.0,175.0,0.221,0.325,0.546
1627750,Jamal Murray,1610612743,DEN,28.0,Jamal,138,214,0.645,112,232,0.483,125.0,278.0,0.45,10.0,27.0,0.37,5.0,13.0,0.385,141,354,0.398,0.0,3.0,0.0,15.0,40.0,0.375,531.0,156.0,0.26,0.294,0.554,1121.0,397.0,0.191,0.354,0.545
1628420,Monté Morris,1610612756,PHX,30.0,Monté,13,20,0.65,25,59,0.424,14.0,30.0,0.467,4.0,19.0,0.211,11.0,22.0,0.5,16,45,0.356,0.0,0.0,0.0,15.0,41.0,0.366,83.0,31.0,0.157,0.373,0.53,195.0,86.0,0.103,0.441,0.544
1631114,Jalen Williams,1610612760,OKC,24.0,Jalen,195,294,0.663,150,325,0.462,96.0,209.0,0.459,10.0,23.0,0.435,3.0,12.0,0.25,111,305,0.364,0.0,0.0,0.0,13.0,35.0,0.371,565.0,124.0,0.345,0.219,0.564,1168.0,340.0,0.252,0.291,0.543
1627751,Jakob Poeltl,1610612761,TOR,29.0,Jakob,229,311,0.736,109,220,0.495,24.0,45.0,0.533,0.0,0.0,0.0,1.0,1.0,1.0,0,1,0.0,0.0,1.0,0.0,1.0,1.0,1.0,363.0,1.0,0.631,0.003,0.634,579.0,3.0,0.537,0.005,0.542
1630595,Cade Cunningham,1610612765,DET,23.0,Cade,207,364,0.569,241,483,0.499,86.0,191.0,0.45,4.0,12.0,0.333,4.0,9.0,0.444,142,394,0.36,0.0,4.0,0.0,8.0,21.0,0.381,684.0,150.0,0.303,0.219,0.522,1457.0,419.0,0.25,0.288,0.538
1629634,Brandon Clarke,1610612763,MEM,28.0,Brandon,151,187,0.807,76,160,0.475,8.0,16.0,0.5,0.0,9.0,0.0,1.0,5.0,0.2,0,3,0.0,0.0,0.0,0.0,1.0,14.0,0.071,236.0,1.0,0.64,0.004,0.644,380.0,17.0,0.492,0.045,0.537
1628368,De'Aaron Fox,1610612759,SAS,27.0,De'Aaron,160,243,0.658,181,345,0.525,80.0,194.0,0.412,19.0,47.0,0.404,4.0,19.0,0.211,95,313,0.304,0.0,2.0,0.0,23.0,66.0,0.348,539.0,118.0,0.297,0.219,0.516,1163.0,381.0,0.209,0.328,0.537
1631209,Isaiah Wong,1610612766,CHA,24.0,Isaiah,9,23,0.391,12,32,0.375,7.0,17.0,0.412,0.0,2.0,0.0,1.0,2.0,0.5,12,28,0.429,0.0,1.0,0.0,1.0,4.0,0.25,41.0,13.0,0.22,0.317,0.537,105.0,33.0,0.219,0.314,0.533
1627826,Ivica Zubac,1610612746,LAC,28.0,Ivica,358,502,0.713,222,414,0.536,12.0,26.0,0.462,0.0,0.0,0.0,0.0,0.0,0.0,0,0,0.0,0.0,0.0,0.0,0.0,0.0,0.0,592.0,0.0,0.605,0.0,0.605,942.0,0.0,0.533,0.0,0.533
1629234,Drew Eubanks,1610612746,LAC,28.0,Drew,69,97,0.711,42,85,0.494,1.0,6.0,0.167,1.0,2.0,0.5,2.0,3.0,0.667,0,1,0.0,0.0,0.0,0.0,3.0,5.0,0.6,115.0,3.0,0.6,0.026,0.626,194.0,6.0,0.5,0.031,0.531
1626164,Devin Booker,1610612756,PHX,28.0,Devin,139,202,0.688,164,342,0.48,168.0,325.0,0.517,11.0,32.0,0.344,15.0,43.0,0.349,157,476,0.33,0.0,0.0,0.0,26.0,75.0,0.347,654.0,183.0,0.213,0.28,0.493,1420.0,551.0,0.142,0.388,0.53
1630567,Scottie Barnes,1610612761,TOR,23.0,Scottie,183,283,0.647,135,298,0.453,80.0,202.0,0.396,11.0,32.0,0.344,3.0,9.0,0.333,62,234,0.265,0.0,5.0,0.0,14.0,41.0,0.341,474.0,76.0,0.386,0.16,0.546,1063.0,280.0,0.266,0.263,0.529
1630311,Pat Spencer,1610612744,GSW,28.0,Pat,15,31,0.484,16,38,0.421,5.0,10.0,0.5,1.0,3.0,0.333,0.0,0.0,0.0,4,19,0.211,0.0,0.0,0.0,1.0,3.0,0.333,41.0,5.0,0.366,0.122,0.488,101.0,22.0,0.307,0.218,0.525
1629012,Collin Sexton,1610612762,UTA,26.0,Collin,112,180,0.622,158,314,0.503,36.0,102.0,0.353,15.0,33.0,0.455,13.0,28.0,0.464,82,209,0.392,0.0,1.0,0.0,28.0,61.0,0.459,416.0,110.0,0.269,0.264,0.533,867.0,271.0,0.208,0.313,0.521
1628973,Jalen Brunson,1610612752,NYK,28.0,Jalen,145,226,0.642,186,350,0.531,102.0,227.0,0.449,7.0,25.0,0.28,17.0,34.0,0.5,128,338,0.379,0.0,0.0,0.0,24.0,59.0,0.407,585.0,152.0,0.248,0.26,0.508,1200.0,397.0,0.188,0.331,0.519
202687,Bismack Biyombo,1610612759,SAS,32.0,Bismack,42,59,0.712,24,51,0.471,1.0,4.0,0.25,0.0,0.0,0.0,0.0,0.0,0.0,0,0,0.0,0.0,0.0,0.0,0.0,0.0,0.0,67.0,0.0,0.627,0.0,0.627,114.0,0.0,0.518,0.0,0.518
1628983,Shai Gilgeous-Alexander,1610612760,OKC,26.0,Shai,294,422,0.697,229,451,0.508,174.0,348.0,0.5,4.0,12.0,0.333,1.0,3.0,0.333,158,419,0.377,0.0,1.0,0.0,5.0,15.0,0.333,860.0,163.0,0.342,0.19,0.532,1656.0,435.0,0.255,0.263,0.518
1626171,Bobby Portis,1610612749,MIL,30.0,Bobby,84,128,0.656,57,119,0.479,71.0,170.0,0.418,8.0,20.0,0.4,13.0,28.0,0.464,44,130,0.338,0.0,0.0,0.0,21.0,48.0,0.438,277.0,65.0,0.303,0.235,0.538,595.0,178.0,0.215,0.299,0.514
1627742,Brandon Ingram,1610612761,TOR,27.0,Brandon,38,53,0.717,28,64,0.438,46.0,101.0,0.455,2.0,6.0,0.333,1.0,5.0,0.2,40,104,0.385,0.0,0.0,0.0,3.0,11.0,0.273,155.0,43.0,0.245,0.277,0.522,333.0,115.0,0.159,0.345,0.504
1630578,Alperen Sengun,1610612745,HOU,22.0,Alperen,312,481,0.649,194,466,0.416,40.0,106.0,0.377,2.0,2.0,1.0,0.0,4.0,0.0,19,84,0.226,0.0,0.0,0.0,2.0,6.0,0.333,567.0,21.0,0.55,0.037,0.587,1143.0,90.0,0.421,0.079,0.5
203937,Kyle Anderson,1610612748,MIA,31.0,Kyle,57,81,0.704,51,123,0.415,9.0,29.0,0.31,8.0,21.0,0.381,6.0,12.0,0.5,11,33,0.333,0.0,4.0,0.0,14.0,33.0,0.424,142.0,25.0,0.401,0.176,0.577,303.0,70.0,0.267,0.231,0.498
203076,Anthony Davis,1610612742,DAL,32.0,Anthony,237,328,0.723,119,272,0.438,79.0,186.0,0.425,1.0,8.0,0.125,0.0,3.0,0.0,34,113,0.301,0.0,0.0,0.0,1.0,11.0,0.091,470.0,35.0,0.504,0.074,0.578,910.0,124.0,0.36,0.136,0.496
203954,Joel Embiid,1610612755,PHI,31.0,Joel,49,78,0.628,36,77,0.468,32.0,83.0,0.386,0.0,0.0,0.0,0.0,0.0,0.0,23,77,0.299,0.0,0.0,0.0,0.0,0.0,0.0,140.0,23.0,0.35,0.164,0.514,315.0,77.0,0.248,0.244,0.492
202695,Kawhi Leonard,1610612746,LAC,34.0,Kawhi,84,116,0.724,78,171,0.456,70.0,146.0,0.479,8.0,17.0,0.471,3.0,11.0,0.273,67,162,0.414,0.0,0.0,0.0,11.0,28.0,0.393,310.0,78.0,0.271,0.252,0.523,623.0,190.0,0.186,0.305,0.491
203114,Khris Middleton,1610612764,WAS,33.0,Khris,20,32,0.625,41,71,0.577,51.0,101.0,0.505,4.0,15.0,0.267,3.0,7.0,0.429,41,110,0.373,0.0,1.0,0.0,7.0,22.0,0.318,160.0,48.0,0.125,0.3,0.425,337.0,133.0,0.095,0.395,0.49
1627732,Ben Simmons,1610612746,LAC,28.0,Ben,66,109,0.606,48,104,0.462,2.0,10.0,0.2,0.0,0.0,0.0,0.0,0.0,0.0,0,0,0.0,0.0,0.0,0.0,0.0,0.0,0.0,116.0,0.0,0.569,0.0,0.569,223.0,0.0,0.489,0.0,0.489
1629645,Kevin Porter Jr.,1610612749,MIL,25.0,Kevin,87,140,0.621,81,182,0.445,70.0,153.0,0.458,3.0,9.0,0.333,7.0,15.0,0.467,45,153,0.294,0.0,0.0,0.0,10.0,24.0,0.417,293.0,55.0,0.297,0.188,0.485,652.0,177.0,0.215,0.271,0.486
1628991,Jaren Jackson Jr.,1610612763,MEM,25.0,Jaren,128,199,0.643,284,552,0.514,34.0,73.0,0.466,15.0,40.0,0.375,18.0,44.0,0.409,113,300,0.377,0.0,5.0,0.0,33.0,84.0,0.393,592.0,146.0,0.216,0.247,0.463,1213.0,389.0,0.164,0.321,0.485
202685,Jonas Valančiūnas,1610612758,SAC,33.0,Jonas,177,260,0.681,113,218,0.518,47.0,112.0,0.42,0.0,1.0,0.0,0.0,2.0,0.0,8,34,0.235,0.0,0.0,0.0,0.0,3.0,0.0,345.0,8.0,0.513,0.023,0.536,627.0,37.0,0.415,0.059,0.474
1629028,Deandre Ayton,1610612757,POR,26.0,Deandre,140,189,0.741,75,151,0.497,44.0,96.0,0.458,0.0,8.0,0.0,1.0,8.0,0.125,5,16,0.313,0.0,0.0,0.0,1.0,16.0,0.063,265.0,6.0,0.528,0.023,0.551,468.0,32.0,0.404,0.068,0.472
1628392,Isaiah Hartenstein,1610612760,OKC,27.0,Isaiah,147,203,0.724,124,238,0.521,8.0,20.0,0.4,0.0,2.0,0.0,0.0,1.0,0.0,0,16,0.0,0.0,0.0,0.0,0.0,3.0,0.0,279.0,0.0,0.527,0.0,0.527,480.0,19.0,0.423,0.04,0.463
1642345,Oso Ighodaro,1610612756,PHX,22.0,Oso,66,82,0.805,41,93,0.441,6.0,10.0,0.6,0.0,0.0,0.0,0.0,0.0,0.0,0,1,0.0,0.0,1.0,0.0,0.0,0.0,0.0,113.0,0.0,0.584,0.0,0.584,187.0,2.0,0.439,0.011,0.45
201142,Kevin Durant,1610612756,PHX,36.0,Kevin,98,124,0.79,182,342,0.532,152.0,286.0,0.531,22.0,42.0,0.524,22.0,46.0,0.478,116,284,0.408,0.0,0.0,0.0,44.0,88.0,0.5,592.0,160.0,0.166,0.27,0.436,1124.0,372.0,0.11,0.331,0.441
1628389,Bam Adebayo,1610612748,MIA,27.0,Bam,187,267,0.7,192,444,0.432,82.0,181.0,0.453,19.0,42.0,0.452,11.0,24.0,0.458,49,155,0.316,0.0,0.0,0.0,30.0,66.0,0.455,540.0,79.0,0.346,0.146,0.492,1113.0,221.0,0.24,0.199,0.439
204456,T.J. McConnell,1610612754,IND,33.0,T.J.,126,195,0.646,123,246,0.5,60.0,134.0,0.448,4.0,10.0,0.4,2.0,6.0,0.333,9,32,0.281,0.0,1.0,0.0,6.0,16.0,0.375,324.0,15.0,0.389,0.046,0.435,624.0,49.0,0.312,0.079,0.391
201942,DeMar DeRozan,1610612758,SAC,35.0,DeMar,87,121,0.719,160,291,0.55,293.0,640.0,0.458,23.0,65.0,0.354,8.0,20.0,0.4,53,165,0.321,0.0,6.0,0.0,31.0,85.0,0.365,624.0,84.0,0.139,0.135,0.274,1308.0,256.0,0.093,0.196,0.289
203901,Elfrid Payton,1610612740,NOP,31.0,Elfrid,9,23,0.391,28,84,0.333,2.0,9.0,0.222,0.0,0.0,0.0,0.0,1.0,0.0,1,5,0.2,0.0,0.0,0.0,0.0,1.0,0.0,40.0,1.0,0.225,0.025,0.25,122.0,6.0,0.189,0.049,0.238
